image_id,breed
7ede553357,nerodia-erythrogaster
3500b219e4,natrix-natrix
d43a78d6d9,crotalus-horridus
1f36f26994,storeria-dekayi
8cb85fc58e,storeria-dekayi
7176bcfe9a,lampropeltis-triangulum
27f2d0f582,storeria-dekayi
43eebba928,pantherophis-obsoletus
180a56f143,pantherophis-obsoletus
07fd20e8bd,agkistrodon-piscivorus
d6145eb8ef,pituophis-catenifer
43cf88006f,storeria-dekayi
545094975f,crotalus-atrox
de232d35ce,storeria-dekayi
f49f11daf4,lampropeltis-triangulum
be70c24805,crotalus-atrox
8a68c61789,pantherophis-alleghaniensis
e4a0afbde5,nerodia-sipedon
5d046e4a57,pantherophis-obsoletus
9450d432f1,agkistrodon-piscivorus
24ae6b28c9,crotalus-viridis
bbbcf461fd,heterodon-platirhinos
25f864a129,pantherophis-emoryi
9d63e29dab,lampropeltis-californiae
560a7820ef,pantherophis-obsoletus
261a672081,crotalus-atrox
e08cecfcc8,crotalus-atrox
dcbaefa9de,pantherophis-guttatus
4757eec719,storeria-dekayi
7a5772b7df,pantherophis-guttatus
756a3734d1,pantherophis-obsoletus
bcb51ed4fd,crotalus-atrox
b28a9dbd17,thamnophis-sirtalis
84496bd65b,storeria-dekayi
97254f0a1e,thamnophis-proximus
738e860bf3,storeria-dekayi
5b04af2d08,lampropeltis-triangulum
df1007a11e,thamnophis-sirtalis
71e4a3726c,pituophis-catenifer
9ec71badf5,storeria-dekayi
9aaf30ca4e,storeria-dekayi
502dbd30e8,opheodrys-aestivus
6a0948343e,storeria-dekayi
a9c94931b4,storeria-dekayi
94f8b871bc,thamnophis-sirtalis
65be04e1a7,thamnophis-sirtalis
553b5be83f,storeria-dekayi
f156e4b9ad,pantherophis-obsoletus
c195a35480,crotalus-atrox
ba36d77d65,thamnophis-proximus
ac60cb4c64,pantherophis-obsoletus
e99babb9da,crotalus-atrox
3f79415b22,storeria-dekayi
07a7f4b8a2,crotalus-atrox
8713b35996,crotalus-atrox
8161aa3270,nerodia-sipedon
c084141ebb,nerodia-erythrogaster
3f264dfa93,storeria-dekayi
ac29145967,crotalus-atrox
14cc5c0b07,lampropeltis-californiae
0d53f3592b,nerodia-erythrogaster
339702c73e,thamnophis-sirtalis
d9282cfc2f,lampropeltis-californiae
7cbb3598a5,opheodrys-aestivus
7d23dd1a25,agkistrodon-piscivorus
302ae16a4f,storeria-dekayi
665ce5599e,pantherophis-alleghaniensis
7fe9ccee38,crotalus-atrox
b4ee296fbe,storeria-dekayi
463302e361,thamnophis-sirtalis
a18b060715,thamnophis-proximus
72b767e027,thamnophis-sirtalis
28c9bd4b10,nerodia-sipedon
a8cf67b3cd,lampropeltis-triangulum
dc0bd440c3,opheodrys-aestivus
1b558cc89f,storeria-dekayi
23a5181788,pantherophis-obsoletus
17e5f4b5bf,crotalus-atrox
45708c6f17,thamnophis-proximus
90e93122c1,diadophis-punctatus
9aac958618,pantherophis-guttatus
23f9ca3329,thamnophis-sirtalis
3702f63d72,thamnophis-sirtalis
142b516abc,storeria-dekayi
db55095044,storeria-dekayi
2532449658,pantherophis-guttatus
521ce40402,pantherophis-obsoletus
5bdb8079ed,storeria-dekayi
2b88eaac56,thamnophis-proximus
f11e311c90,pituophis-catenifer
75b79378c3,pantherophis-obsoletus
8f457bca60,crotalus-atrox
4aae3ed36b,opheodrys-aestivus
7e85692fa2,storeria-dekayi
8557e64d0e,pantherophis-vulpinus
f590310834,nerodia-erythrogaster
6ce6de9def,thamnophis-sirtalis
5e13f84aae,thamnophis-sirtalis
3f595dc653,pantherophis-obsoletus
28fc7c65cc,thamnophis-sirtalis
2e6627723a,storeria-dekayi
759223778f,agkistrodon-contortrix
68e08979eb,nerodia-rhombifer
b51b666b0a,pantherophis-obsoletus
1134c2556d,storeria-dekayi
e10bcc9899,nerodia-rhombifer
4d84d06252,storeria-dekayi
71792ec7f9,agkistrodon-contortrix
87fff43cf4,pantherophis-alleghaniensis
d0d91b6a16,thamnophis-proximus
b1606f2410,storeria-dekayi
f9a3564f88,storeria-dekayi
8bdccf2baf,storeria-dekayi
abbfa54027,crotalus-atrox
ca469b7a27,storeria-dekayi
95a51a0fcd,pantherophis-obsoletus
8ef78ef2d3,pantherophis-obsoletus
e21af6d4b9,rhinocheilus-lecontei
221b1ee2f1,pantherophis-alleghaniensis
b2c3d5d9fb,storeria-dekayi
526c9eac74,crotalus-atrox
a38e41fd76,nerodia-erythrogaster
b2ba21f052,agkistrodon-piscivorus
3b9b67ba03,storeria-dekayi
327b772827,lampropeltis-triangulum
2afdb4999f,heterodon-platirhinos
0cbf1992d0,storeria-dekayi
c822ae5d01,pantherophis-obsoletus
5405370c87,pantherophis-obsoletus
092388daba,storeria-occipitomaculata
99a3b654d0,pituophis-catenifer
e0f8e741d4,storeria-dekayi
5d9cf27241,pantherophis-guttatus
632bed91e6,storeria-dekayi
83d7c726d0,storeria-dekayi
2555c7e7ce,storeria-dekayi
2b9180fb4f,pantherophis-guttatus
e211c36384,nerodia-rhombifer
06b96eed56,pantherophis-obsoletus
d8fe032fe4,pantherophis-obsoletus
366c0f8d42,storeria-dekayi
be80579760,opheodrys-aestivus
a4ff6226a3,lampropeltis-triangulum
53da6f2a06,pituophis-catenifer
509628b6d3,pituophis-catenifer
75206b0c2d,crotalus-atrox
c3e988cbe7,pantherophis-obsoletus
bf3224d5bb,thamnophis-sirtalis
2d45d24990,storeria-dekayi
217a85c6a0,storeria-dekayi
f910b4dafd,thamnophis-radix
dbc89aa6fc,storeria-dekayi
e0c882d7b5,pantherophis-obsoletus
bbd20396ee,opheodrys-aestivus
a9bd8d4550,storeria-dekayi
f9315c3d9d,storeria-dekayi
c53c61ff1d,pantherophis-guttatus
ae76c25b30,crotalus-atrox
0554b687c1,agkistrodon-piscivorus
8227ee21d5,nerodia-erythrogaster
e63f970c24,storeria-dekayi
5a7a965d51,pantherophis-obsoletus
6f885777ae,crotalus-horridus
c63d4c04d9,agkistrodon-piscivorus
d678d67897,pituophis-catenifer
03d156d9ee,crotalus-atrox
39d5cf451b,pantherophis-obsoletus
c8583aa3f1,lampropeltis-californiae
72fd0c7625,pantherophis-guttatus
89428de91a,pantherophis-obsoletus
e3ad957f8f,crotalus-atrox
4b49ad90af,agkistrodon-piscivorus
e4ff7155e8,lampropeltis-triangulum
eaa331f24e,pantherophis-guttatus
28edbbefda,diadophis-punctatus
aa1015e3c8,agkistrodon-piscivorus
644033bba9,pantherophis-alleghaniensis
c612cc9390,agkistrodon-piscivorus
6870b31b63,pantherophis-guttatus
b22d6d545d,thamnophis-sirtalis
bf1adbeecc,diadophis-punctatus
16e1861f42,pantherophis-obsoletus
8e7302d0c7,pantherophis-obsoletus
473b09a338,crotalus-atrox
80da1ca7fe,pantherophis-obsoletus
c3e38fc290,pantherophis-guttatus
901a78b5f6,pantherophis-guttatus
250946e33d,storeria-occipitomaculata
71bb3b775f,storeria-dekayi
58e653c556,lampropeltis-triangulum
ff0d70fb78,thamnophis-proximus
bbbaf02d7b,thamnophis-proximus
a8729cbe08,crotalus-atrox
e754670fa9,storeria-dekayi
d51800edfc,storeria-dekayi
54705e5068,nerodia-rhombifer
2d26350d5f,pantherophis-obsoletus
65ea1d3d84,crotalus-atrox
fc2019398b,pituophis-catenifer
76bc77c3be,storeria-dekayi
ae5258ea04,storeria-dekayi
8d8734a395,opheodrys-aestivus
a6ac17e3d8,pituophis-catenifer
2ca8252168,pantherophis-obsoletus
d81bbe11bb,pantherophis-obsoletus
fb1ea63ee1,storeria-dekayi
d7b6ef28af,crotalus-horridus
fe015ee591,lampropeltis-triangulum
e4f9ad2007,pantherophis-guttatus
26758bec6d,nerodia-sipedon
23dd09c2b6,storeria-dekayi
7c34e2cdec,pantherophis-guttatus
6ec294cf12,storeria-dekayi
36d521dbd5,pantherophis-obsoletus
9a6e35d716,storeria-dekayi
8bbc299a40,storeria-dekayi
fd5e259ea8,storeria-dekayi
db292dcc3b,thamnophis-radix
f481c83182,crotalus-atrox
4245d68d46,pantherophis-guttatus
59e640bb91,pantherophis-obsoletus
36c233f563,pantherophis-obsoletus
bc3799b2df,nerodia-sipedon
9e937f940b,pantherophis-obsoletus
9a7b588cb9,storeria-dekayi
7ff5570d2f,storeria-dekayi
087903f361,nerodia-erythrogaster
6e66f9667f,thamnophis-proximus
60dd49f8d4,thamnophis-radix
7064757509,crotalus-atrox
baa3f02141,pantherophis-obsoletus
7dce396ff5,opheodrys-aestivus
30a99aee44,pantherophis-obsoletus
665b29ab42,natrix-natrix
a443ddb908,storeria-dekayi
ac95eb1818,nerodia-erythrogaster
05a6798995,pantherophis-obsoletus
0241586560,storeria-dekayi
ff45fac73c,crotalus-atrox
013c73ee17,pantherophis-alleghaniensis
b93e2f9f5b,pantherophis-obsoletus
2b1413378c,diadophis-punctatus
9cb08cd05a,pantherophis-obsoletus
13aa42a7e4,pantherophis-obsoletus
641e266e15,storeria-dekayi
7b5344ccfd,crotalus-horridus
13cfe36156,pantherophis-guttatus
e3638b66ab,storeria-dekayi
0f5042aa5a,storeria-dekayi
79783161b7,diadophis-punctatus
195c38795c,pantherophis-guttatus
0290d68533,lampropeltis-triangulum
2a2b711e1e,heterodon-platirhinos
51622421a7,diadophis-punctatus
9f4c9e5d29,lampropeltis-triangulum
55cf94ef25,pantherophis-obsoletus
8e3a442218,agkistrodon-piscivorus
a5bd623c6a,agkistrodon-contortrix
192dd2d4b7,heterodon-platirhinos
5b3791c4e4,lampropeltis-triangulum
4f3bb6e01a,diadophis-punctatus
9316eb7237,pituophis-catenifer
aa16a509cf,pantherophis-obsoletus
ad68959f68,crotalus-atrox
072f7c5df5,nerodia-rhombifer
e6fe591e18,pantherophis-guttatus
eed4cc6dda,pantherophis-guttatus
6335735a8a,pantherophis-guttatus
40fb202092,crotalus-atrox
8d34d1a83e,lampropeltis-triangulum
5d58cc2fb1,storeria-dekayi
e073226ee2,pantherophis-alleghaniensis
630628b60b,pituophis-catenifer
c074d2a3c3,nerodia-sipedon
2c03979041,storeria-dekayi
237efd22ef,nerodia-rhombifer
5a23092d94,pantherophis-alleghaniensis
cebc8a3140,thamnophis-sirtalis
ddbb02224a,lampropeltis-californiae
785ba4871f,storeria-dekayi
d19b66d326,pantherophis-obsoletus
f9b0800cb8,storeria-dekayi
2f065830d7,pantherophis-obsoletus
b9893aa41a,crotalus-horridus
2c442a09ed,crotalus-horridus
ea100d15e2,pantherophis-obsoletus
9363d2c4be,crotalus-atrox
dd0dc5ba1a,lampropeltis-californiae
86b438d651,pantherophis-obsoletus
a7596b0dda,nerodia-sipedon
c0a9301d14,storeria-occipitomaculata
59d4a652fa,storeria-dekayi
9266faaacf,storeria-dekayi
5c6713d750,pantherophis-obsoletus
4a7b39ccff,storeria-dekayi
c91233cf4f,storeria-dekayi
316d089f08,lampropeltis-triangulum
63bb9ed8c2,diadophis-punctatus
8ec81d1cab,storeria-dekayi
0bef464da6,storeria-dekayi
e3497219ae,pituophis-catenifer
259af44b24,storeria-dekayi
c52f2693cf,storeria-occipitomaculata
18f5184f2e,nerodia-sipedon
728f07bb97,pantherophis-obsoletus
fba22fecef,pantherophis-obsoletus
fdbcf4aa99,storeria-dekayi
f8d202075f,thamnophis-sirtalis
369a02e471,pantherophis-guttatus
3e2cadfaa9,pantherophis-obsoletus
0a59465b78,crotalus-atrox
5717af5063,thamnophis-sirtalis
5a5ed0a9f9,lampropeltis-californiae
503bd5a793,opheodrys-aestivus
861b144528,pantherophis-obsoletus
2c1c60baac,crotalus-ruber
f583cab812,pituophis-catenifer
98e28ee840,nerodia-sipedon
e981adefe8,storeria-dekayi
847dcb005c,crotalus-atrox
2bdd1204df,pituophis-catenifer
436a5443a6,diadophis-punctatus
b474fba6f6,agkistrodon-piscivorus
4a52d81d06,pantherophis-obsoletus
e04df53f33,storeria-dekayi
6e0bc47bff,crotalus-atrox
00a9bba384,thamnophis-proximus
c34e07aea2,nerodia-erythrogaster
ddb3fdca4e,crotalus-horridus
772912b335,nerodia-sipedon
d2d8c969f4,pantherophis-guttatus
05c0503e80,coluber-constrictor
0a2842082d,lampropeltis-triangulum
f63ccbe5e4,pantherophis-obsoletus
7c71df0f36,storeria-dekayi
b812b08083,pituophis-catenifer
aa46c84394,agkistrodon-piscivorus
172ea701fa,crotalus-atrox
4da6e0c4b1,lampropeltis-californiae
2680cb138a,nerodia-rhombifer
042411e752,agkistrodon-contortrix
3a90a92e92,pantherophis-alleghaniensis
194d8bc5a0,storeria-dekayi
1ac35b5307,pantherophis-guttatus
bd26891431,nerodia-sipedon
9bcdad786e,storeria-dekayi
3fbfac0bbb,nerodia-erythrogaster
d9f6166852,nerodia-rhombifer
c27414795d,pantherophis-obsoletus
031d5fd2dd,lampropeltis-californiae
b359100fa4,opheodrys-aestivus
999b3783d7,pantherophis-obsoletus
959cdb0f88,storeria-dekayi
8fa0dcc6df,lampropeltis-triangulum
8ea058e917,storeria-dekayi
ae46441c69,pantherophis-guttatus
b08c38c7f7,pantherophis-guttatus
328d66a6d0,thamnophis-sirtalis
5ac5adfab9,pantherophis-obsoletus
593c3b2407,storeria-dekayi
5d701c6be6,diadophis-punctatus
b6bcd1799a,storeria-dekayi
b3494fd089,pituophis-catenifer
0448002637,pantherophis-obsoletus
fff8bffdb0,storeria-dekayi
0cbc0f68b6,storeria-dekayi
0debda08e0,pantherophis-guttatus
d0283c614b,pantherophis-guttatus
2dbe75a840,lampropeltis-triangulum
6d998bc9af,pantherophis-obsoletus
3ff941e398,natrix-natrix
a9410566e4,pantherophis-guttatus
358af00cdd,agkistrodon-contortrix
e4ab7ba2ab,diadophis-punctatus
b07f81508c,storeria-dekayi
3b1799fe42,storeria-dekayi
3d6339ea74,thamnophis-sirtalis
2163674737,crotalus-atrox
d99ab56103,storeria-dekayi
54ba70e3cc,storeria-dekayi
545ed78e38,pantherophis-obsoletus
e7d07009df,storeria-dekayi
f6ec7eba7b,rhinocheilus-lecontei
64c3ac5ad0,pantherophis-guttatus
b72ce0175f,storeria-dekayi
b894d764f5,pantherophis-obsoletus
cf5d7c4e17,storeria-dekayi
58663371a3,pantherophis-obsoletus
81bf550daa,nerodia-fasciata
37f5ad479e,agkistrodon-piscivorus
3c8edae2a4,pantherophis-obsoletus
4cb468d415,nerodia-rhombifer
92e04ca324,storeria-dekayi
11373da95a,agkistrodon-contortrix
6a3bcbcf4a,opheodrys-aestivus
a5f24a2ecc,storeria-dekayi
1edabbc312,opheodrys-aestivus
96aee5ec60,agkistrodon-contortrix
4598203b0a,crotalus-viridis
6bd8b7a823,crotalus-atrox
54f91fbb3a,pituophis-catenifer
b9d8bbfa03,agkistrodon-piscivorus
72f1ff130d,crotalus-atrox
2eccd64667,thamnophis-sirtalis
2546d11351,nerodia-erythrogaster
b09f1d031b,storeria-dekayi
bd5a29330a,nerodia-erythrogaster
4451e8bf97,storeria-dekayi
86a4573103,thamnophis-proximus
da7212161e,agkistrodon-contortrix
aa1da0bc83,pantherophis-alleghaniensis
6e802f864c,nerodia-erythrogaster
8eaa4e8d18,storeria-dekayi
ffa547380d,agkistrodon-piscivorus
776bf9c3e7,lampropeltis-triangulum
f6058731c7,lampropeltis-triangulum
3137a9d8f4,heterodon-platirhinos
c5eda48da7,pantherophis-guttatus
23e13b5ba3,thamnophis-sirtalis
c264755582,storeria-dekayi
958f27ae53,pantherophis-obsoletus
f1ce7a658c,nerodia-rhombifer
897932c055,nerodia-erythrogaster
a17470a422,pituophis-catenifer
f756da9b22,storeria-dekayi
83f99d01b7,agkistrodon-piscivorus
1c097f3bb5,lampropeltis-triangulum
638716b738,agkistrodon-contortrix
74772031c5,pantherophis-obsoletus
94f3aa78e0,diadophis-punctatus
c0f734db4f,storeria-occipitomaculata
4f9c43f59c,diadophis-punctatus
1b32d18277,opheodrys-aestivus
2145486df9,coluber-constrictor
9e779ef62b,nerodia-sipedon
caa85de8a4,heterodon-platirhinos
dab850c45f,agkistrodon-piscivorus
326a993691,lampropeltis-triangulum
1a313e58c0,nerodia-sipedon
eacde65a87,crotalus-horridus
16ef599310,storeria-dekayi
a1a1d8f4d3,agkistrodon-contortrix
b66574f0cb,diadophis-punctatus
dadd875c98,thamnophis-sirtalis
35f3e07f8a,pantherophis-obsoletus
35b25084a8,storeria-dekayi
5be6313607,pantherophis-obsoletus
5e4b3549cb,storeria-dekayi
14af77c260,diadophis-punctatus
a3ffe15ad1,thamnophis-sirtalis
fcf5b7e439,agkistrodon-piscivorus
510f5e1945,storeria-dekayi
99d309ee88,crotalus-atrox
c5ba6d87e2,storeria-dekayi
0a00cdd2b8,crotalus-atrox
9e10b0843c,agkistrodon-piscivorus
9818345fa3,agkistrodon-contortrix
424b8caccf,crotalus-viridis
291cd9c481,crotalus-atrox
0c02a2f5d7,lampropeltis-triangulum
3393c3a6eb,lampropeltis-californiae
18e8e49c6a,storeria-dekayi
45245a5e5a,storeria-dekayi
13696d31fb,thamnophis-proximus
41e720d7de,pituophis-catenifer
40303088fa,agkistrodon-piscivorus
67d1d73480,agkistrodon-piscivorus
4e3e773484,agkistrodon-contortrix
7517bb0623,storeria-dekayi
559133de50,crotalus-atrox
9ae22849c1,pantherophis-guttatus
c5ff38ff68,crotalus-viridis
71e572d33f,thamnophis-proximus
332e5c6785,crotalus-atrox
6003bbcbf9,pantherophis-obsoletus
5c17e68b40,lampropeltis-triangulum
bad9a60677,thamnophis-sirtalis
209b809200,storeria-dekayi
f2b9362dd4,crotalus-atrox
8de60975b5,lampropeltis-triangulum
8add8bfac9,storeria-dekayi
0d5c403d38,agkistrodon-piscivorus
d483f5a5ce,crotalus-atrox
7836689238,diadophis-punctatus
724a385d2e,storeria-dekayi
64e02bed8b,pantherophis-guttatus
3133cffd8c,pantherophis-guttatus
ebd7ad9677,pituophis-catenifer
fe50e904ff,nerodia-erythrogaster
7f4df9bad8,storeria-dekayi
b083b3bdfc,storeria-dekayi
5ac813acff,opheodrys-aestivus
35084d1574,crotalus-horridus
9bbb1238dd,agkistrodon-piscivorus
54da60ecca,pantherophis-obsoletus
8139d8a08f,crotalus-atrox
cf4b998e06,storeria-dekayi
50ff72a201,heterodon-platirhinos
a0969f71a4,haldea-striatula
64b71700c0,thamnophis-sirtalis
420c648f8f,diadophis-punctatus
b48998dacd,pantherophis-obsoletus
d6ce6db8ac,lampropeltis-californiae
f359a3a1cb,thamnophis-sirtalis
3e27aded25,storeria-dekayi
9baf0c175d,storeria-dekayi
60cd847169,crotalus-atrox
8cc2b43e73,agkistrodon-contortrix
e635e0301a,crotalus-atrox
53ad81ecbf,storeria-occipitomaculata
bd77bff983,crotalus-atrox
e4b948cde5,storeria-dekayi
7a85d0a38f,lampropeltis-triangulum
6e104122dd,crotalus-atrox
0bd440f886,thamnophis-marcianus
cfe48a6766,pantherophis-guttatus
dea4ad3c5c,crotalus-scutulatus
a70db3f4e2,storeria-dekayi
73801d11da,pantherophis-alleghaniensis
91b9c66b6c,crotalus-atrox
7fa218f587,storeria-dekayi
89aac8751e,pantherophis-obsoletus
ccd99e20ab,pantherophis-obsoletus
3d4e749f5c,pantherophis-obsoletus
d981710b5c,storeria-dekayi
52eec0f3fb,crotalus-horridus
7b01622a45,rhinocheilus-lecontei
d8f3e2543c,pantherophis-obsoletus
3da58beca1,lampropeltis-californiae
27cc745b4e,storeria-dekayi
19e640cfea,thamnophis-sirtalis
e97ad14aa0,thamnophis-sirtalis
fee6ac0981,pantherophis-alleghaniensis
7688910bf6,storeria-dekayi
e207f9f8e1,pantherophis-guttatus
38cfa09840,storeria-dekayi
e8c28b1fa8,diadophis-punctatus
14b9eb3c99,crotalus-atrox
90b9422778,agkistrodon-piscivorus
55c6c72734,diadophis-punctatus
1b74b10f63,nerodia-erythrogaster
dbe94ca39f,nerodia-erythrogaster
2467f2a466,pantherophis-guttatus
87c3cc64a9,diadophis-punctatus
f4f5dd040b,pantherophis-obsoletus
f32d83944c,lampropeltis-triangulum
de0c5e9a87,pantherophis-obsoletus
aff4a2c922,thamnophis-sirtalis
f96291b278,diadophis-punctatus
c64eb91ae4,storeria-occipitomaculata
2ae2c1199a,storeria-dekayi
c032ab6ee3,crotalus-ruber
33e62ea503,thamnophis-proximus
4d5e7f22ae,storeria-dekayi
daa2966222,diadophis-punctatus
a5234ec3be,storeria-dekayi
80eead3616,storeria-dekayi
ade437840f,thamnophis-sirtalis
2db8ff4d4f,crotalus-atrox
b3b1353fab,storeria-dekayi
c449df8761,diadophis-punctatus
59979fbad2,storeria-dekayi
f4698088c6,heterodon-platirhinos
532b83a570,heterodon-platirhinos
0e287bd3a4,haldea-striatula
62a0846a7f,pantherophis-vulpinus
3fc4c2a5e1,pantherophis-obsoletus
4d2299d5dc,lampropeltis-triangulum
416b4750da,pantherophis-guttatus
dfee6504e3,storeria-dekayi
bba431d5d4,thamnophis-proximus
d50e9b77ce,nerodia-rhombifer
423c84462d,crotalus-atrox
d8854a4d6f,crotalus-horridus
06bfe160bc,thamnophis-proximus
b53265ae30,opheodrys-aestivus
4f7b14d1e9,diadophis-punctatus
b0e5cdcf65,crotalus-atrox
3d90e98161,storeria-dekayi
385387e75a,pantherophis-vulpinus
a016fbf111,pantherophis-guttatus
79d92b5155,haldea-striatula
e8556cf2b3,diadophis-punctatus
b68aec61a9,storeria-dekayi
6245275771,nerodia-erythrogaster
9af6f4bbb1,agkistrodon-piscivorus
e2839b926b,storeria-dekayi
8d2f2c54a1,crotalus-atrox
1e8f52cf8e,storeria-dekayi
c2bfddaefb,pantherophis-alleghaniensis
fcac77e8e3,pituophis-catenifer
a6eefff8e9,crotalus-atrox
48be242050,opheodrys-aestivus
e849f57aaa,agkistrodon-contortrix
75053513e4,storeria-dekayi
0b6092dd9f,pantherophis-alleghaniensis
f10dbb60ad,crotalus-atrox
6fd275d6f8,pantherophis-guttatus
7b110332b2,storeria-dekayi
02b5ce8a0d,lampropeltis-californiae
e286457476,crotalus-atrox
2fd9e2eee6,pantherophis-obsoletus
b79eb2b0fb,pantherophis-guttatus
f5315a5875,crotalus-scutulatus
db4493bb17,pantherophis-alleghaniensis
4ebadc4b4b,storeria-dekayi
c98bc697c6,thamnophis-sirtalis
e3c6ba694a,storeria-dekayi
783481beb0,pituophis-catenifer
f29333e380,storeria-dekayi
c3fb1dacc1,pantherophis-obsoletus
5b15bac5c2,pantherophis-obsoletus
cd0721eb2a,thamnophis-proximus
1e2ae139b7,lampropeltis-californiae
79553e62b3,storeria-dekayi
cdbedb45cd,lampropeltis-triangulum
ee52483077,storeria-occipitomaculata
1fac89750a,pantherophis-alleghaniensis
86a2ca0b18,pantherophis-vulpinus
d3a5b62b1f,thamnophis-sirtalis
5276b71b91,storeria-dekayi
eff565b0e9,thamnophis-proximus
a0853d1197,opheodrys-aestivus
38782ebfe4,storeria-dekayi
a16e3dec1e,agkistrodon-contortrix
223cc7e8a6,pantherophis-obsoletus
fed1568a6c,lampropeltis-californiae
f2f891850d,pantherophis-obsoletus
22580dc310,diadophis-punctatus
4b2040859d,diadophis-punctatus
c40f2cf547,lampropeltis-californiae
8a1f773d30,pantherophis-guttatus
26e77de0d3,nerodia-erythrogaster
3898d993ce,storeria-dekayi
4c48326692,heterodon-platirhinos
639ea18f23,storeria-dekayi
6447cbdb15,coluber-constrictor
2fab3b74e1,storeria-dekayi
70d03492db,thamnophis-sirtalis
df50ba8c91,storeria-dekayi
e68457fe19,storeria-dekayi
b4ad055b21,lampropeltis-triangulum
f10e985810,storeria-dekayi
ee41d19ab2,crotalus-atrox
5af19d853b,storeria-dekayi
e3e76a3d9c,pantherophis-obsoletus
59bcc84d9c,storeria-dekayi
49cd434b18,pituophis-catenifer
ce31772330,storeria-dekayi
08e0a784b9,opheodrys-aestivus
b38fb09f8b,crotalus-atrox
1025e29ab7,crotalus-atrox
98e71c5873,pantherophis-guttatus
ec7956ab61,pantherophis-guttatus
8221410682,crotalus-atrox
51ee9e04f0,lampropeltis-triangulum
96d75bfe8f,natrix-natrix
8601628d1f,storeria-dekayi
3dfa5ad947,thamnophis-sirtalis
affc413c04,storeria-dekayi
8d0378446f,pantherophis-guttatus
d4575182a3,crotalus-atrox
64b48406af,nerodia-sipedon
371a621202,nerodia-rhombifer
aef6cdef7f,nerodia-sipedon
5767b7291d,lampropeltis-triangulum
bce7024134,pantherophis-guttatus
1e8ba66e6d,diadophis-punctatus
1cca4dde7e,nerodia-erythrogaster
0497ecfd64,storeria-dekayi
80cd47b8be,opheodrys-aestivus
48470bf29b,diadophis-punctatus
21c06dfcf8,agkistrodon-piscivorus
a0bce2082d,agkistrodon-contortrix
a14372c89f,storeria-dekayi
1a7e4bd4c6,pantherophis-guttatus
77b61563ed,lampropeltis-californiae
bbbcedc4c0,agkistrodon-piscivorus
baba9a2a38,agkistrodon-contortrix
6fd6c6ccf6,storeria-dekayi
1cef56fb1e,lampropeltis-californiae
5f6f35c987,crotalus-atrox
d1eb8d51ae,agkistrodon-piscivorus
4617ca078b,pituophis-catenifer
77b4a4a25c,pantherophis-obsoletus
c2955c5d83,nerodia-erythrogaster
67d5a9efbe,thamnophis-proximus
0fe9a54c20,agkistrodon-contortrix
5b30be5fe9,agkistrodon-piscivorus
6469909eb8,pantherophis-obsoletus
b81a1b1d90,thamnophis-proximus
e2363c1554,crotalus-atrox
0cff3cb843,agkistrodon-contortrix
1b340371e5,storeria-dekayi
00e8ba3531,storeria-dekayi
dee1e6d310,pantherophis-obsoletus
e264f04ce9,pituophis-catenifer
ddd56ba0c0,rhinocheilus-lecontei
c1cbf83f28,crotalus-ruber
13275759e4,pantherophis-obsoletus
d37b0ef11f,pantherophis-obsoletus
898d62255d,pantherophis-guttatus
f9bbc7153a,crotalus-horridus
f8ac5953cb,pantherophis-guttatus
ad9921a2aa,heterodon-platirhinos
a5f85aab22,storeria-dekayi
c6234d79bb,pantherophis-obsoletus
771f6f3fe6,thamnophis-sirtalis
688b29b043,crotalus-atrox
19ccba64b3,storeria-dekayi
72115baab1,heterodon-platirhinos
6becc6093d,storeria-dekayi
7855bae864,opheodrys-aestivus
d50acbddb2,storeria-dekayi
83899a6b49,diadophis-punctatus
11e97175b8,storeria-dekayi
5980c7a6f7,agkistrodon-contortrix
2d61b82de7,agkistrodon-piscivorus
1f90c834c5,pantherophis-obsoletus
e0474c1be9,crotalus-scutulatus
96dbc2f29b,storeria-dekayi
d1b7d9ba22,storeria-dekayi
fd2f1d3113,thamnophis-proximus
928460dde9,crotalus-horridus
d63c0e9fdc,lampropeltis-californiae
78ed1037b8,storeria-dekayi
b3fe7d062c,pantherophis-obsoletus
9315549d3a,diadophis-punctatus
c3bd25298d,pantherophis-guttatus
8f92043d8f,agkistrodon-piscivorus
9069355571,pantherophis-guttatus
a1e486d349,crotalus-atrox
bbaf558ecf,agkistrodon-contortrix
516de4c918,lampropeltis-californiae
3a8c8aa252,pantherophis-obsoletus
44aa210a3e,crotalus-atrox
64553a6913,lampropeltis-triangulum
e90ba4331c,storeria-dekayi
11649cec48,storeria-dekayi
c3444151d5,crotalus-atrox
37ee5eb735,pantherophis-alleghaniensis
3f36710eb6,pantherophis-guttatus
624b2cc236,pantherophis-guttatus
0c9a05356b,diadophis-punctatus
aa4b3d2785,pantherophis-guttatus
8a43339a29,nerodia-fasciata
a11bf6e766,pantherophis-guttatus
3d1b0e14ff,opheodrys-aestivus
a698472a57,pantherophis-obsoletus
3e733e66de,nerodia-sipedon
7a374981e5,agkistrodon-piscivorus
45bd4f73b1,nerodia-erythrogaster
e17bb727be,lampropeltis-californiae
c79bcf2098,agkistrodon-contortrix
1f6403d491,storeria-dekayi
93ad7fe563,opheodrys-aestivus
47e8f1b843,storeria-dekayi
c5c1619dee,crotalus-atrox
ee52b1c3e4,crotalus-atrox
bdfce30128,pituophis-catenifer
bcfa129e05,agkistrodon-contortrix
c3007e0e16,storeria-dekayi
e3e8505f6f,lampropeltis-triangulum
60c5ab7fe1,nerodia-sipedon
af58bb743b,diadophis-punctatus
eab49156d7,pantherophis-guttatus
847a278c9a,pituophis-catenifer
22b4344fa1,storeria-dekayi
0297424cbd,thamnophis-sirtalis
e9aac999b1,storeria-dekayi
45df9e533a,pituophis-catenifer
ac57aad226,pantherophis-obsoletus
79b4ba46ed,crotalus-atrox
890c0055e6,nerodia-erythrogaster
b83e0a56e3,storeria-occipitomaculata
ca0e73a30b,thamnophis-sirtalis
5feb234354,storeria-dekayi
7f8f6794e6,pantherophis-alleghaniensis
a4c523e2b2,pantherophis-obsoletus
817e074b35,lampropeltis-triangulum
7019567057,thamnophis-sirtalis
6fecaaf9f8,crotalus-atrox
1bac862621,pantherophis-guttatus
ad72ea0194,crotalus-atrox
58cd93d84d,storeria-dekayi
797bf37edf,storeria-dekayi
6c1f740183,lampropeltis-triangulum
22ee9b9874,lampropeltis-californiae
586ba03c24,pantherophis-obsoletus
fec707022c,storeria-dekayi
eab43ca7a3,storeria-dekayi
311d69ffb9,pituophis-catenifer
a45609e2f1,crotalus-atrox
2b9e221d99,nerodia-erythrogaster
f8b43d780b,storeria-dekayi
b982fadd00,storeria-dekayi
59cff921b2,agkistrodon-piscivorus
3f304c3d86,agkistrodon-contortrix
d6f1eb568f,nerodia-erythrogaster
0f1924cf80,nerodia-erythrogaster
f5b2a347ff,crotalus-atrox
dd818fb360,lampropeltis-californiae
e8fe7df5ad,nerodia-rhombifer
cf79767545,opheodrys-aestivus
6f4a0cf636,diadophis-punctatus
7cb6fcbad3,thamnophis-sirtalis
9a07607611,diadophis-punctatus
3f63e4612d,pantherophis-obsoletus
e5e4aeeaf7,pantherophis-obsoletus
a3c79fb490,pituophis-catenifer
16fbebdc1f,storeria-dekayi
274e3979b2,pantherophis-obsoletus
99e9171fcb,storeria-dekayi
0f0969f7d7,crotalus-atrox
da7acc2a0f,crotalus-atrox
c685ea9df1,storeria-dekayi
6fa95b4e8d,natrix-natrix
8ce3cee642,pantherophis-obsoletus
86915f6c43,storeria-dekayi
282ce15a59,pantherophis-obsoletus
21b66186b7,lampropeltis-californiae
7f9dafc904,storeria-dekayi
cfcbf6740c,pituophis-catenifer
7391e1f35e,natrix-natrix
ac42c482a2,storeria-dekayi
d400216179,pantherophis-obsoletus
18a1ebef0e,diadophis-punctatus
32fee7fe2c,nerodia-erythrogaster
bac648289c,pantherophis-obsoletus
6a6723f2d9,storeria-dekayi
e81112e8d1,crotalus-horridus
481f91feb4,storeria-dekayi
d5636c22bd,diadophis-punctatus
25bc9f384d,crotalus-atrox
eaa7edf8dc,nerodia-sipedon
fdb05268b8,lampropeltis-triangulum
e7cf15f7c1,storeria-occipitomaculata
3619f16494,opheodrys-aestivus
7a27082f24,pantherophis-spiloides
8d98278446,crotalus-horridus
b9d53ffd45,agkistrodon-contortrix
5d6b176f01,storeria-dekayi
e97ba49b46,nerodia-erythrogaster
1e04c22e2f,pantherophis-alleghaniensis
790aa417c2,pituophis-catenifer
b58213e015,crotalus-viridis
042c0fc943,storeria-occipitomaculata
47f515dbdc,crotalus-atrox
84298633ca,nerodia-rhombifer
e5a6f90969,crotalus-atrox
93c3acd68a,pantherophis-obsoletus
7cd411e836,pantherophis-guttatus
78398b7b6c,pantherophis-alleghaniensis
59e07d0848,storeria-dekayi
75b98c6e29,pantherophis-guttatus
b681aee40c,pantherophis-obsoletus
ac8fcab5ba,diadophis-punctatus
c68656ee58,thamnophis-proximus
a1ae1155b3,nerodia-erythrogaster
c685e04441,thamnophis-sirtalis
b24743c49c,storeria-dekayi
798c090b10,lampropeltis-californiae
ea135d3a89,storeria-occipitomaculata
c06284e0af,crotalus-atrox
fe4b15022b,crotalus-atrox
fbb94e594c,storeria-dekayi
5f7a87f204,storeria-dekayi
ed8e92ecf1,crotalus-atrox
9885c6266a,storeria-dekayi
02a78ae220,storeria-dekayi
7b7117f0c1,pantherophis-alleghaniensis
70355e73f8,haldea-striatula
2fc72ef3f4,crotalus-ruber
5d3e048c96,diadophis-punctatus
25623b3ce6,storeria-dekayi
083e3b50fd,pantherophis-spiloides
0f6b88fcfc,pituophis-catenifer
91370ed279,pantherophis-obsoletus
7245fe93b9,storeria-dekayi
9cb7c4fd24,crotalus-atrox
7de50b5bdc,pituophis-catenifer
53a5a161de,crotalus-horridus
59fe71d682,thamnophis-proximus
a8d2967840,storeria-dekayi
3355a69bda,crotalus-atrox
5dbde45405,storeria-dekayi
47e66422c8,lampropeltis-californiae
adaa93af64,storeria-dekayi
4fadd04098,crotalus-atrox
1be8871524,storeria-dekayi
ab0cd50587,pantherophis-alleghaniensis
9b755092e4,pantherophis-guttatus
1e998306c0,pantherophis-obsoletus
07f075d594,pantherophis-guttatus
3d35b26c1a,nerodia-rhombifer
071901eca8,crotalus-atrox
022d71aae9,rhinocheilus-lecontei
4e8049b6d0,pantherophis-obsoletus
f354b8dfe7,storeria-dekayi
f3a74d6ee0,storeria-dekayi
2289e09d6a,lampropeltis-californiae
70483cb8ea,opheodrys-aestivus
4d53b5cb4d,storeria-dekayi
e50bb5978a,diadophis-punctatus
48e9e8aff8,nerodia-erythrogaster
213acb4781,pantherophis-obsoletus
e93cd41190,pantherophis-obsoletus
7ca16d8c1b,storeria-dekayi
b7fe892e44,pituophis-catenifer
374615f6fb,diadophis-punctatus
5126df2646,thamnophis-sirtalis
1104584d38,pantherophis-guttatus
dff6304429,pituophis-catenifer
0c2849a26e,storeria-dekayi
9d4ce5b72f,lampropeltis-triangulum
a141a881e2,diadophis-punctatus
33346242e2,agkistrodon-contortrix
0d20d1c1a2,pantherophis-obsoletus
731a90d84c,storeria-dekayi
5e4c1c7cc2,nerodia-erythrogaster
9db0bdd59d,opheodrys-aestivus
253843f209,pantherophis-obsoletus
e60709d049,opheodrys-aestivus
054a536789,rhinocheilus-lecontei
bf1a3b7b79,storeria-dekayi
d0612f3e8a,crotalus-atrox
eebe64532a,pantherophis-obsoletus
79594b42ef,crotalus-atrox
bed81704c1,agkistrodon-contortrix
cbe0b8c85d,agkistrodon-piscivorus
5ae808f8fd,lampropeltis-triangulum
5d448c05e1,pantherophis-obsoletus
4d051b9208,thamnophis-proximus
88c9cc598c,opheodrys-aestivus
e81c30e876,storeria-dekayi
b9a8b67b16,agkistrodon-contortrix
9dabb5ee25,pantherophis-obsoletus
7ca6b80658,storeria-dekayi
f60d7f670e,agkistrodon-contortrix
55d9dd5142,nerodia-sipedon
882a08649b,opheodrys-aestivus
12fda3c135,nerodia-erythrogaster
8d13d818de,pantherophis-obsoletus
deb68826e6,haldea-striatula
0b5507f2a9,lampropeltis-californiae
6925f4782a,pantherophis-obsoletus
37f32fb0ba,storeria-dekayi
dd832524fa,storeria-dekayi
c1f4d42327,diadophis-punctatus
d803830007,nerodia-sipedon
beec8cc1ba,storeria-dekayi
11a5d8337e,pantherophis-obsoletus
f143d212b3,storeria-dekayi
a77509b170,pantherophis-obsoletus
5c3936c628,diadophis-punctatus
21deaeaa17,pantherophis-obsoletus
1dcaaad800,storeria-dekayi
484413b8d3,storeria-dekayi
8f25d1fc53,storeria-dekayi
8d63dc0ed6,thamnophis-proximus
c85a468e26,storeria-dekayi
ba083e8689,pituophis-catenifer
f99d915b6b,crotalus-horridus
855bd99878,storeria-occipitomaculata
2266898888,diadophis-punctatus
46058d8161,nerodia-sipedon
c6a13f622c,agkistrodon-piscivorus
e0ed8038c6,storeria-dekayi
4c11e184fd,crotalus-atrox
12e603532f,diadophis-punctatus
5180638e96,lampropeltis-triangulum
b04dd2adec,lampropeltis-triangulum
7066af3e95,storeria-dekayi
dfbfdc7fec,pantherophis-alleghaniensis
cfb3f52655,crotalus-atrox
a294303eeb,nerodia-erythrogaster
f7358c1693,thamnophis-sirtalis
9be3399776,storeria-dekayi
7eab2c68bb,crotalus-atrox
2a95741853,lampropeltis-californiae
d5b1906aa1,lampropeltis-triangulum
436330dda2,lampropeltis-californiae
d20b9db32d,storeria-dekayi
7aed34b899,storeria-dekayi
65406d36a7,nerodia-erythrogaster
f4853bcc67,thamnophis-radix
c2719ab3f2,agkistrodon-piscivorus
4d8f022e07,storeria-dekayi
6ef01917c6,crotalus-atrox
fae66dee74,pantherophis-obsoletus
c1acdf0a74,diadophis-punctatus
3ded70d7c3,crotalus-horridus
83ab914a6d,opheodrys-aestivus
fdbb06d2b0,crotalus-atrox
29c12aa50b,pantherophis-obsoletus
f4402d15f7,storeria-occipitomaculata
b1d252ae26,lampropeltis-triangulum
e12901072d,agkistrodon-contortrix
d495120d71,storeria-dekayi
4380a651bf,nerodia-sipedon
0dca38a9c9,storeria-dekayi
c0575f37ac,agkistrodon-contortrix
85bbb1d3fc,storeria-dekayi
047788a264,nerodia-erythrogaster
cf6a306170,storeria-dekayi
3c187495d8,storeria-dekayi
93c4e94fba,diadophis-punctatus
a86943e07b,lampropeltis-triangulum
c09b16ca15,pantherophis-alleghaniensis
9b478155ac,thamnophis-proximus
fdce965a85,storeria-dekayi
b86a0e9749,diadophis-punctatus
72e92d074b,pantherophis-obsoletus
442a001933,crotalus-atrox
f9ac703430,pantherophis-alleghaniensis
f41723b2b7,storeria-dekayi
9b4ad29201,diadophis-punctatus
0e7368ddf1,storeria-dekayi
b5905be265,lampropeltis-triangulum
af55a93714,lampropeltis-triangulum
b8022114ff,lampropeltis-triangulum
6869daa30d,crotalus-atrox
f6826f3a44,nerodia-fasciata
d846222a27,agkistrodon-contortrix
8d8b41be92,lampropeltis-triangulum
f5055dad14,storeria-dekayi
f5464b6c4d,opheodrys-aestivus
df783face0,pituophis-catenifer
5366409cc9,thamnophis-proximus
20070bf8e0,agkistrodon-contortrix
a8ae4b2cc4,storeria-dekayi
ebbfcc7256,pantherophis-guttatus
e0af3ec1dc,opheodrys-aestivus
f8c29af6a4,opheodrys-aestivus
51aeb208e1,agkistrodon-contortrix
4892a7b03e,crotalus-atrox
30d3a273c1,thamnophis-radix
9dea0393b2,storeria-dekayi
5b06a39081,pantherophis-obsoletus
9acd404c7b,crotalus-atrox
b6467c0d86,crotalus-horridus
ad18b657f0,nerodia-fasciata
fdf6135552,pantherophis-obsoletus
1af0a36d6c,pantherophis-alleghaniensis
547f6b9455,pantherophis-guttatus
bb222ddaa9,lampropeltis-californiae
3e53802c11,crotalus-ruber
44be6183a7,storeria-dekayi
c73c3c3b9b,thamnophis-proximus
f519f23157,crotalus-atrox
1e56fb5139,agkistrodon-piscivorus
b4699a9c84,pantherophis-alleghaniensis
c25b2a530d,agkistrodon-contortrix
c0c6aa8b10,rhinocheilus-lecontei
88608b60c6,crotalus-horridus
1e416f3e13,storeria-dekayi
40988857ce,crotalus-horridus
0c89d31702,pantherophis-guttatus
ed26fe7996,storeria-dekayi
94fe7ff244,thamnophis-sirtalis
46ee76ccb8,pantherophis-obsoletus
d65c2dc896,storeria-dekayi
b0ebe0ec7c,storeria-dekayi
b976cbbc89,crotalus-atrox
8ba809dab1,storeria-dekayi
375696a37f,thamnophis-proximus
9db974a233,crotalus-atrox
31b15b7404,thamnophis-proximus
8d33851a8b,storeria-dekayi
17b3968ced,pantherophis-obsoletus
92dc510a40,opheodrys-aestivus
512fc9e23c,rhinocheilus-lecontei
d3a15518ac,agkistrodon-contortrix
606b454ea5,crotalus-atrox
9e8f1195b3,storeria-dekayi
9b09290d21,lampropeltis-californiae
143df6c4aa,agkistrodon-piscivorus
db06bafc17,pantherophis-obsoletus
090abdc8b8,nerodia-rhombifer
ed7b95d537,storeria-dekayi
ebdbb4edfa,diadophis-punctatus
e51bebd7ce,storeria-dekayi
65faa9df15,storeria-dekayi
7cf1559b96,crotalus-atrox
809a0a209e,storeria-dekayi
14a0397527,pantherophis-obsoletus
db945af48b,storeria-dekayi
3338b33890,storeria-dekayi
c3f5e146ba,storeria-dekayi
722b6323ec,diadophis-punctatus
4a6b1852d0,storeria-dekayi
9a73a81dff,crotalus-scutulatus
44e2cc78d3,pantherophis-guttatus
e36fa6f2e6,nerodia-sipedon
37701846eb,opheodrys-aestivus
c4804cb27f,storeria-dekayi
2f774a0168,pituophis-catenifer
477737deba,opheodrys-aestivus
684a7b08ae,agkistrodon-contortrix
aadfad28f5,lampropeltis-californiae
2847d4e56d,pantherophis-alleghaniensis
2e9f1674bc,crotalus-atrox
385ea02927,nerodia-erythrogaster
aaa615d84a,heterodon-platirhinos
4a56a9830a,crotalus-ruber
add4ded433,nerodia-erythrogaster
86cb5618f9,nerodia-sipedon
8e1be27f76,coluber-constrictor
41de4add86,nerodia-erythrogaster
618148c93a,storeria-dekayi
94384b64ee,crotalus-atrox
98ca8e97e3,lampropeltis-triangulum
58a809a5da,pantherophis-alleghaniensis
c82b0038fb,thamnophis-sirtalis
3e948e13ad,pantherophis-obsoletus
b77fbe5457,lampropeltis-triangulum
5ea87a2f3d,agkistrodon-piscivorus
3aaaeb3001,pantherophis-obsoletus
855792de01,pantherophis-guttatus
a4936afac4,diadophis-punctatus
68570123d7,storeria-dekayi
ab501eeaa1,storeria-dekayi
fa68e6c437,pituophis-catenifer
b78234966e,thamnophis-sirtalis
d8989a7ebd,thamnophis-sirtalis
de9b02c30b,diadophis-punctatus
8d02041d76,agkistrodon-contortrix
924799e3f4,storeria-dekayi
9a78bc503d,pantherophis-obsoletus
fe652f12b4,crotalus-atrox
ff8781cb80,storeria-dekayi
c41ed9c05b,pantherophis-alleghaniensis
3024fa18e5,agkistrodon-contortrix
488901ecd7,storeria-dekayi
3bbdab923c,heterodon-platirhinos
08a0158c25,storeria-dekayi
3563d17587,heterodon-platirhinos
50281e1d1d,pituophis-catenifer
a28a1a35a7,nerodia-erythrogaster
8161449847,lampropeltis-californiae
b9179ad8ed,storeria-dekayi
aeeb16bfec,agkistrodon-piscivorus
2c983824a0,crotalus-scutulatus
8481649aee,crotalus-atrox
20f14eedb1,pantherophis-obsoletus
341d33701d,storeria-dekayi
df0fb047d2,thamnophis-sirtalis
4228389f4b,lampropeltis-triangulum
0ce760d438,pantherophis-obsoletus
7d316f0c9d,lampropeltis-triangulum
d98003bb75,nerodia-erythrogaster
4f39265344,opheodrys-aestivus
012154c583,pantherophis-obsoletus
cfa7ab3db8,diadophis-punctatus
5ac4d84b46,crotalus-atrox
a1d9f93887,lampropeltis-californiae
4fa2f1b008,pantherophis-alleghaniensis
b45b7e4c81,opheodrys-aestivus
786ba4ba4b,agkistrodon-piscivorus
31614aea45,lampropeltis-californiae
d111dafe36,nerodia-rhombifer
c2608c8551,storeria-dekayi
cc7b9bd6ed,diadophis-punctatus
9582dbeb27,pantherophis-alleghaniensis
1e665d3a05,agkistrodon-contortrix
50d38f3707,thamnophis-proximus
79818ed7bd,lampropeltis-triangulum
13ebc1770d,storeria-dekayi
92643765f4,pantherophis-guttatus
c5b4577265,crotalus-atrox
46e4512b8e,pantherophis-obsoletus
79e5a876ae,crotalus-atrox
eda032e523,storeria-dekayi
0fd905ded1,opheodrys-aestivus
ef82006232,crotalus-atrox
4b823fb6b9,storeria-dekayi
c71ddedbd6,pantherophis-guttatus
8ab088c8fe,agkistrodon-piscivorus
2a686ef996,pantherophis-guttatus
44827e0c96,crotalus-ruber
c3c66a42cd,thamnophis-proximus
97a2c7ecb7,opheodrys-aestivus
68f05a3a85,diadophis-punctatus
d67f206f3d,pituophis-catenifer
1b9dd02d06,thamnophis-sirtalis
7cead4b1c3,storeria-dekayi
785a849ff5,crotalus-atrox
02fa6b3ee5,storeria-dekayi
87318c3aca,storeria-dekayi
bb4b7c9f3b,storeria-dekayi
647d580a8c,storeria-dekayi
c28fa93914,storeria-dekayi
1d6504604f,pantherophis-guttatus
b960c924af,storeria-dekayi
95f24f6dbf,pantherophis-obsoletus
144981a319,pantherophis-vulpinus
c5843ff6bc,storeria-dekayi
3981bb53f1,nerodia-erythrogaster
8cb6eebb38,storeria-dekayi
8111c15451,pantherophis-obsoletus
0dddf76dfe,storeria-dekayi
5421f5b6ca,agkistrodon-contortrix
f2d94b49ca,storeria-dekayi
76cdffaffb,storeria-dekayi
46a6a306fc,pantherophis-obsoletus
2b6245d77b,opheodrys-aestivus
c47c82122f,storeria-dekayi
c04ef971c2,storeria-dekayi
d112dcec1e,diadophis-punctatus
6c78d9c8ce,storeria-dekayi
1d3c4f7d2f,agkistrodon-contortrix
9c88832a7a,storeria-dekayi
0cc412b743,storeria-dekayi
813751c7fe,lampropeltis-californiae
fba47323dd,nerodia-fasciata
4733a797e4,pantherophis-obsoletus
811119a90b,storeria-dekayi
0d08d8becf,thamnophis-sirtalis
f3bdc27db9,lampropeltis-californiae
bbe79f4604,pantherophis-alleghaniensis
d5fb0f6816,pituophis-catenifer
f94be71c7a,storeria-dekayi
4a247becfb,storeria-dekayi
89a8cb0e76,storeria-occipitomaculata
ef54757e06,pantherophis-obsoletus
da8f5e5486,thamnophis-proximus
386f649b46,thamnophis-proximus
ef07005750,nerodia-sipedon
33c33c3665,lampropeltis-triangulum
d919c074ed,nerodia-erythrogaster
343d7275b2,storeria-dekayi
1794be2478,crotalus-atrox
038eefc633,pantherophis-alleghaniensis
033c590985,lampropeltis-californiae
1288525568,lampropeltis-triangulum
3b0596bd51,lampropeltis-triangulum
84191bfd5a,pantherophis-obsoletus
11660a3b49,thamnophis-marcianus
b5b4689c0d,thamnophis-proximus
6bc53a3ab8,heterodon-platirhinos
c095ab66df,crotalus-atrox
6f44735f58,agkistrodon-piscivorus
2f3f358d43,diadophis-punctatus
da3f1c4d6e,pituophis-catenifer
0b975a80ed,storeria-dekayi
e27ca7d445,heterodon-platirhinos
14c1f66246,thamnophis-sirtalis
69d4b15fd1,lampropeltis-triangulum
657cdeaa72,pantherophis-obsoletus
5b356b946f,pantherophis-obsoletus
8b2bbb9546,storeria-dekayi
2b8b168c61,pituophis-catenifer
e3654cac52,lampropeltis-californiae
65683b5376,storeria-dekayi
fc4dbc6d5d,storeria-dekayi
3dccd63a1c,thamnophis-sirtalis
25891d7e28,storeria-dekayi
7d47015e7f,crotalus-atrox
451a823673,diadophis-punctatus
d930d37135,pantherophis-obsoletus
b937924469,lampropeltis-californiae
ad64e08277,crotalus-atrox
19bd628df5,storeria-dekayi
f247f88b68,pantherophis-obsoletus
ba00658f4c,diadophis-punctatus
68722a30ea,heterodon-platirhinos
36beae29d4,pantherophis-guttatus
ce8b6913f4,nerodia-sipedon
fbf220a77a,pantherophis-alleghaniensis
5cb1e2553b,crotalus-atrox
992f8823fb,opheodrys-aestivus
c10ff40811,storeria-dekayi
b1d492d342,diadophis-punctatus
713804346e,agkistrodon-contortrix
1c54dbdb06,thamnophis-proximus
db28e1151c,storeria-dekayi
162a7cdf2a,pantherophis-obsoletus
e9d344e301,lampropeltis-triangulum
8610476c82,pantherophis-obsoletus
054481ab8f,thamnophis-proximus
881fd4dc15,storeria-dekayi
01bc7841f0,storeria-dekayi
11f0e3c25b,crotalus-atrox
68642c8410,lampropeltis-triangulum
b73f6347cd,lampropeltis-californiae
b3452f1934,agkistrodon-contortrix
963998afb6,lampropeltis-californiae
6dbd0674dd,crotalus-atrox
7ed1337bff,diadophis-punctatus
55e04b0100,crotalus-ruber
a8827df7c1,storeria-dekayi
1f393e851f,pantherophis-guttatus
54d2fa2eda,thamnophis-sirtalis
d93873fdb7,storeria-dekayi
bf1a6aa6aa,thamnophis-sirtalis
7c63285d95,agkistrodon-piscivorus
ce17bee7ea,thamnophis-proximus
fa0e46865e,pituophis-catenifer
c2ad7b1b76,nerodia-rhombifer
6dea60b535,storeria-dekayi
73bda1efb3,crotalus-atrox
0a92678115,nerodia-sipedon
8bb0c18e00,storeria-dekayi
15f4557735,thamnophis-sirtalis
72d0f049bf,crotalus-ruber
f35100aade,agkistrodon-contortrix
d44c8d5314,crotalus-atrox
0fa9fc3183,agkistrodon-piscivorus
c484be18d6,storeria-dekayi
d6279d9ecd,pituophis-catenifer
a1c21d6672,coluber-constrictor
bde7c1f5cc,nerodia-sipedon
e1dce31f83,diadophis-punctatus
227ad5b05c,pantherophis-obsoletus
b830d5dbe5,agkistrodon-piscivorus
ccb79ed307,storeria-dekayi
fef6cec454,pantherophis-guttatus
b9509d1721,pantherophis-obsoletus
6f3af7373d,pantherophis-obsoletus
57db3594db,agkistrodon-piscivorus
2472af6c57,natrix-natrix
bd43b49990,lampropeltis-triangulum
64b358a9bb,opheodrys-aestivus
a59422c281,crotalus-viridis
6cbc15a33e,nerodia-erythrogaster
48a78ec539,diadophis-punctatus
ec24a7dba0,lampropeltis-californiae
49734a6ebf,agkistrodon-piscivorus
01008992e9,storeria-dekayi
11790d01c8,nerodia-erythrogaster
40b8fc0e84,storeria-dekayi
14b51564a5,storeria-occipitomaculata
5a7b351a60,thamnophis-proximus
2a7b6c5b9c,storeria-dekayi
26cab4eb5c,pantherophis-obsoletus
f03aa5df7a,pantherophis-obsoletus
b19e082892,pantherophis-obsoletus
cb82fa561f,agkistrodon-piscivorus
902a71bf05,pantherophis-guttatus
7bf3a6739b,agkistrodon-piscivorus
8a604f1ddc,pantherophis-guttatus
7f926d3284,natrix-natrix
96958ebf1b,nerodia-erythrogaster
9886f29ea0,storeria-occipitomaculata
a151d5bd1d,pantherophis-obsoletus
601a036889,pantherophis-guttatus
ace74db921,crotalus-atrox
f92fe5e5b0,pantherophis-alleghaniensis
49f08ece45,agkistrodon-contortrix
b8c09adadc,storeria-dekayi
8b704e36a2,storeria-dekayi
3fd328c40e,thamnophis-proximus
07a1325194,pantherophis-obsoletus
559a737051,storeria-dekayi
9784892755,storeria-dekayi
6b1f376295,agkistrodon-contortrix
2e0d21aede,pituophis-catenifer
4cb6776f57,storeria-dekayi
dad51cd1dd,agkistrodon-piscivorus
160ff28e12,nerodia-rhombifer
ac2b560e59,opheodrys-aestivus
80960684df,storeria-dekayi
dda7fe77cf,thamnophis-sirtalis
41b6e2b209,crotalus-viridis
4e786381ff,pituophis-catenifer
e6f6b08dc0,storeria-dekayi
39ae08a8a2,pituophis-catenifer
07ad933b01,nerodia-erythrogaster
ab72fae277,crotalus-atrox
17b254d95e,agkistrodon-piscivorus
d0a8efe351,pantherophis-guttatus
ccf22994e8,crotalus-atrox
dc912c11c4,storeria-dekayi
cd41d47965,pantherophis-obsoletus
c73f697001,nerodia-sipedon
bf0251ff3c,pantherophis-alleghaniensis
42649255bc,storeria-dekayi
293259d508,opheodrys-aestivus
4cc20d0bc8,nerodia-erythrogaster
8fabf4c798,pantherophis-obsoletus
5d0faf4c7b,pantherophis-obsoletus
e739a016b4,agkistrodon-piscivorus
222f09d68c,thamnophis-radix
a4bf73e176,pantherophis-obsoletus
b137ef058f,pantherophis-alleghaniensis
c1039f5273,lampropeltis-triangulum
b8c8491cb6,pituophis-catenifer
ee31dcdf27,pantherophis-obsoletus
718bc14e1a,storeria-dekayi
67fea1ff7d,storeria-dekayi
e801ee6840,storeria-dekayi
8d2b02a4b8,lampropeltis-californiae
1fff5a46d7,pantherophis-obsoletus
045f997c55,storeria-dekayi
c724879503,storeria-dekayi
ceb38802d8,storeria-dekayi
f54c8489c0,crotalus-atrox
8a1aa78cda,thamnophis-sirtalis
a89830d58e,storeria-dekayi
857c430acc,thamnophis-sirtalis
727d39c386,pantherophis-obsoletus
e46e1ff177,storeria-dekayi
ff36f08f54,thamnophis-sirtalis
42b9ebe601,nerodia-erythrogaster
6c2e15cfe3,storeria-dekayi
b0b4a61772,thamnophis-radix
c08388a48f,lampropeltis-triangulum
bbfba08e73,crotalus-atrox
8d52547e5f,pantherophis-guttatus
34e6afb98b,nerodia-erythrogaster
5d82166868,thamnophis-sirtalis
991a9dbcb3,storeria-dekayi
e0b2962c83,crotalus-atrox
57050111e0,pituophis-catenifer
559ed5ed62,rhinocheilus-lecontei
cfa6f0c0ea,pantherophis-obsoletus
68ffd2a53a,storeria-dekayi
b9afe1d694,pituophis-catenifer
03e5159380,storeria-dekayi
7b9765dd01,pantherophis-obsoletus
5b1613f007,nerodia-rhombifer
a48ae72b05,storeria-dekayi
55558305ba,lampropeltis-triangulum
895249fbf8,pantherophis-guttatus
3dcee426bd,storeria-dekayi
0dffc5dc0a,crotalus-atrox
fbda0ff664,lampropeltis-californiae
47241a7a2f,nerodia-sipedon
d417d4f631,pantherophis-obsoletus
23ad837e57,agkistrodon-piscivorus
6f2c9b0a8e,pituophis-catenifer
a01abc8b06,thamnophis-sirtalis
c6ca718826,agkistrodon-piscivorus
ab888375df,lampropeltis-triangulum
2b1db1ded4,storeria-dekayi
fd6832ac73,storeria-dekayi
485a5b3419,crotalus-horridus
aedeb630da,diadophis-punctatus
09f01bb907,lampropeltis-californiae
a763ba3648,thamnophis-proximus
dc5f2f060a,opheodrys-aestivus
dd01683edc,pantherophis-alleghaniensis
e931b94a50,storeria-dekayi
fa58c0f04f,pantherophis-alleghaniensis
e2c8b01054,agkistrodon-contortrix
15ddd7bca3,storeria-dekayi
f00a203827,storeria-dekayi
1cc583c86f,storeria-dekayi
8ae15dfb92,nerodia-erythrogaster
71150f768b,crotalus-atrox
0823016b69,crotalus-viridis
d21d7e61ca,storeria-dekayi
063269761f,storeria-dekayi
700d8ecd83,lampropeltis-triangulum
4d2a67a53b,diadophis-punctatus
3292dbb525,pantherophis-obsoletus
207bea7c2e,rhinocheilus-lecontei
f47788339e,pantherophis-alleghaniensis
79104dbf66,crotalus-viridis
42378b3f2f,storeria-dekayi
2a44495fb7,lampropeltis-californiae
3e2ea403b2,lampropeltis-triangulum
f7e249aed9,storeria-dekayi
b92b1aedcc,crotalus-atrox
e1d6453f2b,storeria-dekayi
cceb5470db,pantherophis-obsoletus
8486c55d6c,pantherophis-guttatus
a0dd47833b,storeria-dekayi
1e056656bf,thamnophis-sirtalis
0b739e266e,pantherophis-obsoletus
0394781976,storeria-dekayi
13d58ec6aa,nerodia-rhombifer
860bb58cdf,crotalus-atrox
9f6fd47396,storeria-dekayi
295ab7d70f,thamnophis-proximus
e0e5b99f06,storeria-occipitomaculata
af99899112,pantherophis-obsoletus
a2d253f06d,storeria-dekayi
db517bd3e6,lampropeltis-triangulum
6c5e01ce28,pantherophis-obsoletus
ad94af4567,crotalus-ruber
a45fc803c9,pantherophis-obsoletus
bfae6bd6d5,storeria-dekayi
688b2608c8,lampropeltis-triangulum
3aedf03b93,opheodrys-aestivus
2988f6b14e,thamnophis-proximus
22533e6b71,storeria-occipitomaculata
ff7735def6,storeria-occipitomaculata
292607026b,pantherophis-guttatus
3ccb420d0c,crotalus-atrox
13a059d87a,nerodia-rhombifer
3c083b4590,nerodia-rhombifer
2cefdedb33,storeria-dekayi
a60ce6d077,nerodia-rhombifer
5bb72556f9,lampropeltis-triangulum
9ebfc32ad0,nerodia-rhombifer
f962e3439e,diadophis-punctatus
1930c4ef59,pantherophis-obsoletus
36ff5e2a56,crotalus-atrox
17f7991a24,nerodia-sipedon
e2852dfcc2,pantherophis-obsoletus
cac1cf0907,opheodrys-aestivus
6bc32ee53e,pantherophis-obsoletus
6fcc4ea871,pantherophis-obsoletus
b4d280970e,storeria-dekayi
c0062f2cd3,nerodia-erythrogaster
1debbd0daa,agkistrodon-piscivorus
9e7a2e94c4,storeria-dekayi
b688c60e29,crotalus-atrox
9315a4a9e9,thamnophis-sirtalis
fb5fc3ff56,agkistrodon-piscivorus
87608051e5,lampropeltis-californiae
b99098909e,thamnophis-proximus
47a8ec4f3e,storeria-dekayi
bd95ef304d,storeria-dekayi
9b07f3eacf,crotalus-atrox
3412a66683,thamnophis-proximus
867f2ef9d9,lampropeltis-triangulum
5b4838e1e5,opheodrys-aestivus
6ca03f6d63,opheodrys-aestivus
3f59a08941,agkistrodon-piscivorus
91fb4fb5e5,pantherophis-guttatus
825908cce1,crotalus-atrox
9d0d36b4b2,pantherophis-obsoletus
a869568b74,crotalus-atrox
4bb31fa285,thamnophis-proximus
8b8357c908,opheodrys-aestivus
452124f26d,crotalus-ruber
820f329919,storeria-dekayi
662449a569,lampropeltis-triangulum
2cb9a689f8,storeria-dekayi
ac132f5934,crotalus-atrox
55c5a2a0bb,pantherophis-obsoletus
77cdc9894e,storeria-dekayi
b0669937f2,storeria-dekayi
416e8f5071,lampropeltis-triangulum
044b47bb18,storeria-dekayi
b11275c440,storeria-dekayi
6d644b2b27,crotalus-atrox
fe3fe692d4,crotalus-atrox
57ef22b097,pantherophis-obsoletus
d9fca7fbeb,crotalus-atrox
f3ecca6910,storeria-dekayi
2004e8fe2c,pantherophis-obsoletus
5ed983ebe4,lampropeltis-triangulum
0ce29ac201,opheodrys-aestivus
3327333217,crotalus-horridus
ba126f9814,crotalus-atrox
58a86e1fbc,pantherophis-alleghaniensis
ce51028899,masticophis-flagellum
a075ddf05c,agkistrodon-contortrix
27fe381477,pantherophis-obsoletus
5fa87ae1fc,pantherophis-obsoletus
b5293b81b0,pituophis-catenifer
5653096047,agkistrodon-piscivorus
37503e8da9,crotalus-atrox
aee44249a7,crotalus-horridus
15003d8072,thamnophis-radix
26ea706d87,thamnophis-proximus
b107b5bfec,crotalus-atrox
e2fcddeb52,nerodia-erythrogaster
3abfa44d66,natrix-natrix
575fd1acd4,agkistrodon-piscivorus
4e595ab339,storeria-dekayi
eaedb4aeea,agkistrodon-contortrix
f26b948e46,agkistrodon-contortrix
9f10e1116b,storeria-dekayi
da3f536aeb,storeria-dekayi
14265d230f,lampropeltis-californiae
87403ef53d,opheodrys-aestivus
b6ffe43c55,nerodia-sipedon
75ebbc0cd3,opheodrys-aestivus
b1e89ad24e,storeria-dekayi
56c9e212e1,crotalus-atrox
c375eaa47c,nerodia-erythrogaster
9d60408184,pantherophis-obsoletus
7c700cba7a,pantherophis-alleghaniensis
4846c2ff38,nerodia-rhombifer
cca13460db,crotalus-atrox
ace4428288,crotalus-atrox
f93b01cf67,nerodia-erythrogaster
381cd1d7b0,nerodia-rhombifer
30e4144ba5,storeria-dekayi
c96674a57e,agkistrodon-contortrix
b5fa9c891c,nerodia-erythrogaster
857dc26592,nerodia-erythrogaster
a76c44bb89,storeria-dekayi
82e701f9a7,storeria-dekayi
9e2d9ab3e2,storeria-dekayi
a8ea06d10f,pituophis-catenifer
594cc3fd5a,pantherophis-guttatus
66533f8fc8,agkistrodon-contortrix
393100f69f,thamnophis-sirtalis
be611db16b,storeria-dekayi
e5a3e55619,agkistrodon-piscivorus
ab227abef4,pantherophis-obsoletus
f89b383858,storeria-dekayi
bc050ff130,pantherophis-alleghaniensis
56c75093dd,pantherophis-obsoletus
63da8e83a5,agkistrodon-contortrix
ccd7709ba8,pituophis-catenifer
624a6c0459,storeria-dekayi
f6f493238e,lampropeltis-triangulum
8ea489d2ec,storeria-dekayi
4414687ddb,storeria-occipitomaculata
16768932e7,lampropeltis-triangulum
4c3eb5bfb1,storeria-dekayi
29da4e905f,pantherophis-obsoletus
3e77a414cf,pantherophis-obsoletus
480178afdb,nerodia-erythrogaster
da1aeaec34,pantherophis-obsoletus
f9d30e7c25,pantherophis-guttatus
6c8893e5b9,agkistrodon-piscivorus
fcb8d0382d,natrix-natrix
5ede340e32,pantherophis-guttatus
d1ef8c5ebe,pantherophis-obsoletus
20c98b7d75,natrix-natrix
a32ca206e4,pantherophis-obsoletus
b14024890c,crotalus-atrox
eadd4b193b,storeria-dekayi
1309de6784,pantherophis-guttatus
8c0ecbc291,agkistrodon-contortrix
86be30154b,pantherophis-alleghaniensis
9cb8de814e,storeria-dekayi
5f255f8a6f,nerodia-sipedon
d6ed42c50b,crotalus-atrox
6ffd88def2,crotalus-atrox
348d974fa5,pantherophis-obsoletus
6ff13e6eb6,storeria-occipitomaculata
d441752d22,nerodia-rhombifer
d582a92123,crotalus-atrox
fa6146a028,storeria-dekayi
35a1801b68,lampropeltis-californiae
9ecc4721bf,crotalus-atrox
7be7d952f8,nerodia-fasciata
d58eda8969,storeria-dekayi
998a1cbe5a,diadophis-punctatus
2f28b83984,storeria-dekayi
54126ca78d,diadophis-punctatus
d47dbad6f9,crotalus-atrox
b70ed6998c,pantherophis-guttatus
351a52d327,thamnophis-proximus
66c69c2d1a,pantherophis-obsoletus
e09b662bd5,storeria-dekayi
f457c263c5,pantherophis-obsoletus
1996c3c0a0,heterodon-platirhinos
80c77ea095,natrix-natrix
8fea7a6f67,storeria-dekayi
e496c7ae34,storeria-dekayi
c33c94bd3d,thamnophis-sirtalis
356311d35c,crotalus-scutulatus
00fefc891d,natrix-natrix
4d8e2d733d,storeria-occipitomaculata
8b16f8a4e1,crotalus-horridus
c606bb7282,pantherophis-alleghaniensis
07265abede,thamnophis-sirtalis
b5171d3348,pantherophis-alleghaniensis
00a3b82892,thamnophis-marcianus
e9b38ba43f,thamnophis-sirtalis
27046a7f7d,opheodrys-aestivus
325e2a718c,opheodrys-aestivus
bd3de164e8,storeria-dekayi
05bbc5070b,storeria-dekayi
fe4bdf4f63,crotalus-atrox
f4459bc74a,haldea-striatula
77dd465e89,nerodia-rhombifer
9db61dea8b,pantherophis-guttatus
d66c3f3d34,crotalus-horridus
986467ee6d,lampropeltis-triangulum
bc055cfcf1,storeria-dekayi
febc601a64,agkistrodon-contortrix
4fb62fe5f4,lampropeltis-californiae
5c0dcbb923,pituophis-catenifer
e405656b1b,storeria-dekayi
89ac32a56d,storeria-dekayi
e037e771c3,storeria-dekayi
dd13ef5784,storeria-dekayi
f5f14dcdd2,nerodia-sipedon
7d40454b7b,nerodia-rhombifer
cbe325ab91,pituophis-catenifer
8b8f0dd5e6,crotalus-horridus
fc58e19ca0,pantherophis-guttatus
5e0fe76874,pantherophis-obsoletus
e42020f71e,crotalus-ruber
6ee21f4bbc,diadophis-punctatus
7e25f7155c,thamnophis-marcianus
aba879e0f7,agkistrodon-piscivorus
79e730fef9,lampropeltis-triangulum
2d0a449a11,thamnophis-sirtalis
ddeaf09179,nerodia-erythrogaster
50a7c39fb7,storeria-dekayi
018c739beb,diadophis-punctatus
fc94ed1d6d,nerodia-erythrogaster
230c70d896,nerodia-rhombifer
d2084ae837,natrix-natrix
580f638042,thamnophis-proximus
cd8dc76a5a,diadophis-punctatus
c8ca8f0048,crotalus-ruber
ef1690ca4f,agkistrodon-piscivorus
d484524f6a,storeria-dekayi
3e12eda545,storeria-dekayi
2874500090,pantherophis-obsoletus
279efc0706,thamnophis-proximus
ff8722be40,diadophis-punctatus
d1741bbdfa,pituophis-catenifer
277dc08855,agkistrodon-piscivorus
79ce251e0a,storeria-dekayi
ec2cb44a7f,storeria-dekayi
f13f3085ae,lampropeltis-californiae
368907beeb,nerodia-rhombifer
cbb770ff5a,lampropeltis-californiae
543995ea87,lampropeltis-californiae
07624666fb,crotalus-atrox
bd32389689,pantherophis-guttatus
f22cb96859,storeria-dekayi
0a78ca4bcb,crotalus-atrox
d6a80b7b94,thamnophis-sirtalis
ebcbf1382f,pituophis-catenifer
c334072feb,storeria-dekayi
2e97263a6b,diadophis-punctatus
77321df6c5,crotalus-atrox
779248244f,crotalus-atrox
8f336f0634,thamnophis-sirtalis
7bf2980a9d,thamnophis-proximus
4bbc8c4bcb,pantherophis-emoryi
e4827f9295,pantherophis-guttatus
bdbd9d005c,pituophis-catenifer
8b9db7077f,pituophis-catenifer
ca33c6d5ad,storeria-dekayi
2abb924a58,pantherophis-obsoletus
ccdceb7b04,pantherophis-guttatus
1c53a0e9af,storeria-dekayi
9d5e6df395,lampropeltis-californiae
14766b3230,pantherophis-obsoletus
336c730066,crotalus-atrox
b4f2848f54,lampropeltis-triangulum
c7c9fdada6,crotalus-atrox
2ea0beae2d,storeria-dekayi
093655b322,pantherophis-emoryi
5eab328c5b,pantherophis-obsoletus
5955a29848,crotalus-atrox
07437a1fe8,nerodia-erythrogaster
f63b571452,lampropeltis-triangulum
2632a10a71,agkistrodon-piscivorus
274fd61c14,storeria-dekayi
a7f5375ba7,diadophis-punctatus
f037d55664,lampropeltis-californiae
138924be68,opheodrys-aestivus
acd563d446,diadophis-punctatus
4b381d7348,agkistrodon-contortrix
0ae45b5aaa,storeria-dekayi
a853ecfce0,storeria-dekayi
f7ab9a3e13,pantherophis-vulpinus
231da2602e,diadophis-punctatus
48ac7f1c7d,nerodia-sipedon
770de8c393,pantherophis-obsoletus
2049112874,storeria-dekayi
d5c6a36fb3,pantherophis-alleghaniensis
5d5286410a,nerodia-fasciata
fbd2e05f9d,pantherophis-obsoletus
5cb1e77e60,thamnophis-sirtalis
016c384a1a,storeria-dekayi
7b7a456cd9,storeria-dekayi
99e3cdcc39,lampropeltis-triangulum
a3df4a6366,storeria-dekayi
3b99bf84d6,pantherophis-guttatus
59cd4c4417,storeria-dekayi
a44d993fbe,lampropeltis-triangulum
806789a916,pantherophis-obsoletus
10c35c9661,storeria-dekayi
d5998a22fb,agkistrodon-contortrix
f08e8cb28b,pantherophis-alleghaniensis
d931cd921f,storeria-dekayi
5ab3fc3b21,agkistrodon-contortrix
9310ca3b13,storeria-dekayi
990d9f9cc7,storeria-dekayi
b883a88123,agkistrodon-contortrix
659e1304ed,storeria-dekayi
632568f983,pituophis-catenifer
82b4daee47,storeria-dekayi
9e08e2e7c0,thamnophis-proximus
995da4bdfe,agkistrodon-piscivorus
9ba5f59e0d,crotalus-atrox
ecc2bff41e,thamnophis-radix
48807c6a7f,pantherophis-obsoletus
f9bfc13a70,agkistrodon-contortrix
0bc8c8b3d9,nerodia-rhombifer
9cd4b65c2c,nerodia-rhombifer
511dffe7d2,crotalus-atrox
0d885db042,storeria-dekayi
10ff7e57d3,lampropeltis-californiae
b9551ebdb5,lampropeltis-triangulum
bb4acca82d,storeria-dekayi
6a5c796675,storeria-dekayi
3ccba0002a,crotalus-atrox
521a24cb0a,pantherophis-guttatus
7db0e926a2,opheodrys-aestivus
82335fe2c5,lampropeltis-californiae
5f9a9502e6,agkistrodon-piscivorus
10cea40844,agkistrodon-piscivorus
a370764eb5,pituophis-catenifer
f5f5fa2cb8,storeria-dekayi
662387370b,storeria-dekayi
c68022554f,thamnophis-sirtalis
c36db9f26d,crotalus-atrox
cbfddc9c88,storeria-dekayi
cc51485193,pantherophis-guttatus
ca424e0558,storeria-dekayi
af114ec554,crotalus-atrox
cbd8652fef,lampropeltis-californiae
80da121cf4,agkistrodon-contortrix
108da1072a,pantherophis-obsoletus
66f17263f8,thamnophis-marcianus
f5752a0f0a,storeria-dekayi
e7e867160a,thamnophis-sirtalis
ca291a5737,lampropeltis-triangulum
7f8c875465,natrix-natrix
195a2f4c3a,agkistrodon-piscivorus
2757eb8bbd,diadophis-punctatus
53d596c447,thamnophis-sirtalis
18a07e89ac,storeria-dekayi
1c806c5b9b,crotalus-atrox
a8fae46a5a,pantherophis-obsoletus
eab9b89ad9,pantherophis-alleghaniensis
3afe948592,nerodia-sipedon
7230d4cc69,agkistrodon-contortrix
35e116cab9,crotalus-horridus
f7cf344e61,crotalus-atrox
113f968224,pantherophis-obsoletus
b1fb6982cd,diadophis-punctatus
d50bdf5b2d,storeria-occipitomaculata
5c818f58a7,pantherophis-guttatus
533805ace7,storeria-dekayi
783d628cbf,agkistrodon-contortrix
543bb54091,diadophis-punctatus
59411ea382,nerodia-rhombifer
7326d26554,nerodia-fasciata
5b848633ea,pantherophis-obsoletus
a1ba32ac3d,nerodia-sipedon
c368ede9c3,pantherophis-obsoletus
f1bae12c32,storeria-dekayi
534d81b3e3,storeria-dekayi
91a95ef9cb,pantherophis-obsoletus
78eac1ae97,diadophis-punctatus
f05faa4bb1,pantherophis-guttatus
f748cf3f7e,storeria-dekayi
142141ec62,crotalus-atrox
c52ac38aa0,pantherophis-obsoletus
2c6828452e,pantherophis-alleghaniensis
36cc932452,diadophis-punctatus
459bff3c88,pantherophis-obsoletus
c75bd067fd,opheodrys-aestivus
379c96f9ac,crotalus-ruber
65ba6853da,storeria-dekayi
0db0392426,storeria-dekayi
b095d3ea2d,lampropeltis-triangulum
3415603d3c,storeria-dekayi
dafd6dd941,thamnophis-sirtalis
a7bce1f266,lampropeltis-triangulum
c6a741646d,crotalus-atrox
60dcbd5c62,pantherophis-guttatus
f8f3d41360,crotalus-atrox
9b5e5fd103,crotalus-atrox
08f107e1e0,storeria-dekayi
d96a2f8208,rhinocheilus-lecontei
b03b72c2eb,lampropeltis-californiae
c4b9384f10,agkistrodon-contortrix
6f2637eba0,storeria-dekayi
e7fbaf1783,pantherophis-obsoletus
2b07b7f1fc,pantherophis-obsoletus
22784e30bd,storeria-occipitomaculata
fc99bec64d,pantherophis-guttatus
e759f3eb2e,agkistrodon-contortrix
9b56093388,lampropeltis-triangulum
985cdf296c,thamnophis-proximus
af183d1608,pantherophis-vulpinus
ebf7de46e9,pituophis-catenifer
043d5f3770,storeria-dekayi
0b36bcded4,opheodrys-aestivus
01ef98f8e1,diadophis-punctatus
47efeda4fa,crotalus-horridus
fa62eae8c5,pituophis-catenifer
3da4f0bcba,thamnophis-sirtalis
817a7ca50c,lampropeltis-triangulum
4bb367498c,storeria-dekayi
aca563e081,crotalus-ruber
c6db7228bb,pantherophis-alleghaniensis
8e4a48cec4,storeria-dekayi
a3da69708a,diadophis-punctatus
b142b8a891,storeria-dekayi
4142bb2db1,pantherophis-obsoletus
db3125c33e,crotalus-atrox
5a2623981f,crotalus-atrox
4b63db7a28,lampropeltis-triangulum
5a67e89081,storeria-dekayi
b250c512df,storeria-dekayi
d952649529,storeria-dekayi
3ac12b3402,diadophis-punctatus
6b15e3ec5f,heterodon-platirhinos
e4fa7fdae2,pantherophis-obsoletus
3c79a2b1b5,thamnophis-marcianus
63d96d44bd,crotalus-horridus
dc0f71785b,agkistrodon-contortrix
3715978259,crotalus-atrox
5c02da1538,pituophis-catenifer
a56a6fe0a7,storeria-dekayi
1ca029bf84,lampropeltis-triangulum
053bbbfcb7,pituophis-catenifer
3a231f98df,storeria-dekayi
ef3c60bc6b,pantherophis-guttatus
82c4e51f8a,storeria-dekayi
2c9e196186,storeria-dekayi
7c712866ff,pituophis-catenifer
fa72b3fe67,storeria-dekayi
2b8d448683,nerodia-sipedon
a75b4f3fb0,storeria-dekayi
7f2892af39,crotalus-atrox
9877d40edb,agkistrodon-piscivorus
603192bd4c,lampropeltis-californiae
44a1a3e35f,diadophis-punctatus
9b5096caa1,crotalus-ruber
8dc1f0796e,pituophis-catenifer
53e70d9cee,nerodia-sipedon
1b8242b960,lampropeltis-triangulum
03158930ae,crotalus-atrox
6039af7619,storeria-dekayi
190a575a41,agkistrodon-piscivorus
2fc944bb61,crotalus-atrox
d23b088919,pantherophis-obsoletus
f17ff6178e,nerodia-rhombifer
401f315389,storeria-dekayi
bd2046b98f,storeria-dekayi
64808b2252,agkistrodon-piscivorus
abc0495ee8,agkistrodon-piscivorus
cb9f92f658,nerodia-sipedon
7289b39618,agkistrodon-piscivorus
d04605b05d,pantherophis-obsoletus
5cc447b09a,thamnophis-sirtalis
902ba5f792,agkistrodon-contortrix
a0c3ea95cd,crotalus-atrox
93238c9b55,nerodia-fasciata
9510d33970,storeria-dekayi
cc01857305,storeria-dekayi
c379d985be,crotalus-atrox
30d87fe508,storeria-dekayi
d49df213b1,storeria-dekayi
9262535d19,nerodia-sipedon
954cf7d09a,crotalus-atrox
07adf1b336,storeria-dekayi
25b2fbd6ca,storeria-dekayi
d67ee11156,pantherophis-alleghaniensis
4bb9005883,storeria-occipitomaculata
d26718bf1b,pantherophis-guttatus
f553f2da1c,crotalus-atrox
4bef4cae1b,storeria-dekayi
cc4949ffe3,crotalus-atrox
8cffcf426d,pantherophis-alleghaniensis
17bff00b28,pantherophis-obsoletus
e7b04cfe8c,agkistrodon-piscivorus
910ad43321,crotalus-atrox
14b9be3fc8,storeria-dekayi
d210b0b664,pantherophis-guttatus
c20c4fedeb,crotalus-horridus
7aa2349bd4,agkistrodon-piscivorus
22ee6908b7,diadophis-punctatus
99d080b04b,pantherophis-obsoletus
91111d3298,storeria-dekayi
bcaa37e00c,storeria-dekayi
e8e4c7fbb1,storeria-dekayi
ad27b3dc95,pantherophis-guttatus
96c0e968cf,opheodrys-aestivus
c935ce3db7,thamnophis-proximus
b6f53fbd8e,nerodia-erythrogaster
3f8b54c5b8,diadophis-punctatus
4c885eabe4,storeria-dekayi
2786b3576c,pantherophis-obsoletus
a466efd69d,pituophis-catenifer
407c2c9dda,thamnophis-sirtalis
3565b03095,agkistrodon-piscivorus
6e9284955c,crotalus-horridus
8ed99e4c86,nerodia-rhombifer
a5e69edc4b,pantherophis-guttatus
4e6c995bef,pantherophis-obsoletus
5ae9d343e8,crotalus-horridus
e25a32c987,thamnophis-sirtalis
b30e722d22,lampropeltis-triangulum
5afeda65d0,pantherophis-obsoletus
18ad85f471,crotalus-horridus
39927cfbaa,pantherophis-guttatus
7b692d1127,crotalus-atrox
84fcbb8e68,nerodia-rhombifer
14ae30c15b,nerodia-rhombifer
a603faa96e,storeria-dekayi
cd279c6a32,agkistrodon-contortrix
6aec488970,crotalus-atrox
4702bb06b2,crotalus-horridus
9f1f0c4d77,crotalus-atrox
37d255ba5a,storeria-dekayi
9270b2e18c,pantherophis-obsoletus
38d6a2113a,pantherophis-obsoletus
c0f77950f7,thamnophis-sirtalis
86a6eb367c,storeria-dekayi
3ad0cabc18,diadophis-punctatus
59b1221597,agkistrodon-piscivorus
1012f2362a,crotalus-atrox
daac1e1960,storeria-dekayi
b1cb0097f1,thamnophis-sirtalis
073e9ff640,crotalus-atrox
3105af6b71,pantherophis-obsoletus
c2cbb5ab68,storeria-dekayi
8bd5db2b2b,pantherophis-alleghaniensis
6e0adfbf99,pantherophis-obsoletus
ebfb1532ab,storeria-dekayi
7120a62958,agkistrodon-contortrix
c15675b887,storeria-occipitomaculata
9604596853,agkistrodon-contortrix
f2bc584e0b,storeria-dekayi
5ab91cb2ee,pituophis-catenifer
a1177f99c4,storeria-dekayi
8c6e0cc938,lampropeltis-californiae
ff85bf00f2,storeria-dekayi
35dba4ac51,crotalus-atrox
77cb900136,storeria-dekayi
f29d659e71,pantherophis-obsoletus
e9bb397147,lampropeltis-californiae
6f7f36069e,storeria-dekayi
07989fe1c3,crotalus-atrox
768a99b9e5,lampropeltis-californiae
5512ed611d,storeria-dekayi
b598056f93,storeria-dekayi
8456d0ce23,pantherophis-guttatus
f75b87d80d,crotalus-atrox
d69f21de4e,pantherophis-guttatus
27163ec202,lampropeltis-californiae
414c6c1e8c,thamnophis-marcianus
d11bd5b048,thamnophis-sirtalis
99206af14b,crotalus-atrox
d5cb6099b8,storeria-dekayi
9f06ab71ae,pantherophis-obsoletus
ec7281cd7c,pantherophis-guttatus
c2e01b4390,pituophis-catenifer
6a3c1344c4,pantherophis-guttatus
8aba528ea0,agkistrodon-contortrix
0136882c08,heterodon-platirhinos
83bf58f0b1,crotalus-viridis
0557d01771,lampropeltis-californiae
97022292ea,pantherophis-guttatus
f6cc3d20e0,thamnophis-sirtalis
f45f8ee077,crotalus-atrox
357c52b2f0,pantherophis-vulpinus
90c8498d65,agkistrodon-contortrix
aa3c457150,storeria-dekayi
1ce0e88a44,thamnophis-sirtalis
e218ba88c9,crotalus-atrox
57cec6689a,storeria-dekayi
6a5112a54d,pantherophis-guttatus
ac9117b886,storeria-dekayi
2540a21720,thamnophis-proximus
dd169804df,storeria-dekayi
c237e67115,thamnophis-sirtalis
fe298a3058,crotalus-atrox
4cc3b7adf3,storeria-dekayi
6b81c6a99c,crotalus-atrox
e2009dad0c,crotalus-horridus
08765181d5,opheodrys-aestivus
5e8c069be7,storeria-dekayi
9339f7c45b,storeria-dekayi
ab978ec9f5,storeria-dekayi
0a308984b0,storeria-dekayi
4b444a7450,storeria-dekayi
e985579c1c,pantherophis-obsoletus
a67125bb01,agkistrodon-piscivorus
2efa69a2f5,diadophis-punctatus
b8cc1ff52b,crotalus-atrox
5c2a00b326,lampropeltis-californiae
88c9895e1d,nerodia-fasciata
85a138a2b1,lampropeltis-triangulum
031021f64c,storeria-occipitomaculata
afc6314ff1,storeria-dekayi
2e6564e977,lampropeltis-triangulum
26492ca0f0,storeria-dekayi
8830373ae9,agkistrodon-piscivorus
c834e92d7b,pituophis-catenifer
1ae509bbff,pantherophis-obsoletus
1edb40263d,agkistrodon-piscivorus
28ed4d6904,opheodrys-aestivus
2597f7e76d,crotalus-atrox
3b7ab4e0d8,lampropeltis-californiae
82b1d44782,storeria-dekayi
9000233532,pantherophis-alleghaniensis
a0da4b8579,thamnophis-radix
7f8365af3d,storeria-dekayi
f178404533,storeria-dekayi
da99774679,haldea-striatula
635181b9d2,storeria-dekayi
81176ee1c5,thamnophis-proximus
aae5d3dda7,agkistrodon-piscivorus
7e52574588,opheodrys-aestivus
33b4f8c6ee,nerodia-rhombifer
929d07dc6c,lampropeltis-californiae
6d39dfc724,pantherophis-guttatus
2d6aff49e2,crotalus-atrox
372bc68670,storeria-occipitomaculata
ec60c2ed8a,thamnophis-sirtalis
62d1292fff,nerodia-sipedon
a020682646,pantherophis-obsoletus
2006370aad,pantherophis-guttatus
ccf697d8ee,storeria-dekayi
482495a29c,crotalus-atrox
ebee509f76,pituophis-catenifer
ec5bf8fc94,pantherophis-guttatus
ff2bb74401,thamnophis-sirtalis
9687257d87,lampropeltis-californiae
1672540ff2,pantherophis-alleghaniensis
40f8894ab0,storeria-dekayi
eeeb364f80,crotalus-atrox
17b6bccd26,storeria-dekayi
6b5fdb070a,storeria-dekayi
fb2fc7f287,natrix-natrix
bc238794f9,agkistrodon-piscivorus
93447ffb77,crotalus-atrox
c508eadaf2,pantherophis-guttatus
cf457786fd,storeria-dekayi
4c47136817,thamnophis-sirtalis
f5215fb122,crotalus-atrox
36f8a53278,nerodia-rhombifer
da4b78e030,pantherophis-obsoletus
3857f94d7f,pantherophis-obsoletus
95aa99daf1,crotalus-atrox
2f71e4dbc5,storeria-dekayi
494fb17d3f,nerodia-sipedon
2783f6e72e,pantherophis-guttatus
0a1cb5c228,pantherophis-guttatus
ee9f2b0478,crotalus-atrox
ea7589812a,lampropeltis-californiae
0bec79eaff,pantherophis-obsoletus
594372deba,pantherophis-obsoletus
b48d02b277,opheodrys-aestivus
6143211fb1,crotalus-atrox
9ccf3dc324,pantherophis-alleghaniensis
3ab63ae9ff,thamnophis-sirtalis
155a2f53cf,storeria-dekayi
dfada263c6,nerodia-sipedon
4932b1089d,storeria-dekayi
6d58bdcf39,storeria-dekayi
734cb7f4b6,lampropeltis-californiae
e1f9280372,lampropeltis-triangulum
86f3c1735d,thamnophis-sirtalis
07c9d2aa3b,crotalus-atrox
7683989c81,pantherophis-obsoletus
2890dcea84,pantherophis-spiloides
ef9804663f,nerodia-erythrogaster
6af9df245c,pantherophis-guttatus
f1c06381a3,thamnophis-proximus
2d28192243,lampropeltis-triangulum
9896a79a1d,storeria-dekayi
9a9ae8f452,nerodia-rhombifer
de6161fc29,pantherophis-guttatus
2a74549a83,pantherophis-obsoletus
5dfc97da50,pantherophis-alleghaniensis
b79cdcde09,diadophis-punctatus
412b9deed5,pantherophis-alleghaniensis
827ade5a7b,pantherophis-guttatus
018a9dc8d3,agkistrodon-contortrix
98707250c7,opheodrys-aestivus
7c81f46daf,storeria-dekayi
ae0e1c4a78,pantherophis-obsoletus
a2ff49924c,lampropeltis-triangulum
2c92388500,thamnophis-proximus
fb5ea6dd78,crotalus-horridus
c795f9a09c,storeria-dekayi
96964b08d8,storeria-dekayi
82f95efa2b,thamnophis-proximus
b3937b0554,nerodia-fasciata
1b6152c43b,nerodia-erythrogaster
97a30ec6dd,heterodon-platirhinos
dece1935ee,storeria-dekayi
4653c6fd7c,crotalus-horridus
eca3e3a92b,pantherophis-guttatus
96e30cfac5,pantherophis-obsoletus
d1f106e978,storeria-dekayi
657db6cb59,crotalus-viridis
31038dddc5,haldea-striatula
4511368f4f,storeria-dekayi
4fca272540,lampropeltis-triangulum
961f8aa971,diadophis-punctatus
41e50ec9ca,crotalus-atrox
ad2a1a1ce2,lampropeltis-californiae
92b9fd66a7,pantherophis-obsoletus
b2cb283e6a,diadophis-punctatus
a128fcabc1,pantherophis-alleghaniensis
01cdc5a346,crotalus-atrox
6f6c719cd8,agkistrodon-contortrix
7b073b871d,storeria-dekayi
fb161a2da0,thamnophis-proximus
8639fe5b0f,storeria-dekayi
6c514aa440,pituophis-catenifer
4e410fc7b2,pituophis-catenifer
c447daa98a,pituophis-catenifer
33327a3289,thamnophis-sirtalis
0e00591aa0,thamnophis-sirtalis
c639c6450f,lampropeltis-triangulum
fd7f5407f9,thamnophis-sirtalis
30379927e5,nerodia-sipedon
faee0c2011,thamnophis-sirtalis
8a40ad504a,storeria-occipitomaculata
8b88fdf313,nerodia-erythrogaster
5f46d656ec,pantherophis-obsoletus
316bdbcb02,agkistrodon-piscivorus
e72a84360b,storeria-dekayi
b639c34385,agkistrodon-piscivorus
37169c7bb0,nerodia-sipedon
3addd707c9,pituophis-catenifer
8cfc6dd3fc,storeria-dekayi
a2bfde867b,storeria-occipitomaculata
22bddb0584,nerodia-rhombifer
4190fde1f9,diadophis-punctatus
3d0d434f77,crotalus-horridus
f01f1bf65f,agkistrodon-contortrix
5ac87d5d17,thamnophis-proximus
3e3c7d6a97,pantherophis-guttatus
40b6a032cf,lampropeltis-triangulum
b68524273d,rhinocheilus-lecontei
ab9310747f,storeria-occipitomaculata
cf0eb86b3b,lampropeltis-triangulum
e82ae7b777,crotalus-ruber
0124071f58,pantherophis-obsoletus
37acecc0dd,pantherophis-obsoletus
23c8856939,storeria-dekayi
40ae26e406,crotalus-atrox
4af1ee7c2d,storeria-dekayi
3fee6efbe8,storeria-dekayi
2d29d24cdb,lampropeltis-californiae
0d39054a9c,storeria-dekayi
25f552c213,pantherophis-obsoletus
9a9ff1f37e,crotalus-ruber
9685d88cba,lampropeltis-triangulum
95f1a02753,pantherophis-alleghaniensis
c9cec706f3,pituophis-catenifer
d842503f72,pantherophis-obsoletus
3ae45feeeb,pantherophis-obsoletus
5179b57412,storeria-dekayi
ff0d5db8c9,pantherophis-obsoletus
c47ad4521c,lampropeltis-triangulum
4086ec30bf,pantherophis-guttatus
fb500e597c,pantherophis-guttatus
0fdca857ba,crotalus-atrox
16e3dff323,diadophis-punctatus
70463ea3f3,storeria-dekayi
9de805091c,pantherophis-obsoletus
3e2ba8887b,pantherophis-alleghaniensis
0a238c03e4,thamnophis-sirtalis
8c27c26f9f,storeria-dekayi
447e96a831,natrix-natrix
4c173568d9,coluber-constrictor
5948054f6e,storeria-dekayi
cfb9943f32,storeria-dekayi
0989b197e5,pantherophis-alleghaniensis
93d698c9bb,crotalus-viridis
40ff71dcbb,pantherophis-obsoletus
ddb3ee4efc,diadophis-punctatus
94b92dedec,agkistrodon-piscivorus
14da1fc791,crotalus-atrox
e97587c12c,storeria-dekayi
50e33fc24f,storeria-occipitomaculata
2d146d1f12,agkistrodon-contortrix
2e359108b2,lampropeltis-californiae
55a884982c,pantherophis-guttatus
cc40d66bfb,agkistrodon-piscivorus
a8f470944a,coluber-constrictor
b83f491562,lampropeltis-triangulum
45cdae2a4e,pantherophis-guttatus
2c92500ad7,storeria-occipitomaculata
380f7deecf,pantherophis-alleghaniensis
9059623576,crotalus-atrox
276c2680f9,pantherophis-guttatus
2fa9ef0310,opheodrys-aestivus
d0c7913d75,crotalus-ruber
9ce405566f,lampropeltis-triangulum
c98b81ad8a,storeria-dekayi
e3aa373714,opheodrys-aestivus
1e4f536605,storeria-dekayi
ec209ef519,heterodon-platirhinos
582700d0c7,pantherophis-obsoletus
7727cb44a1,storeria-dekayi
bc92129dc2,storeria-dekayi
d92656ecc3,nerodia-erythrogaster
d76ff1ac44,crotalus-atrox
3034db32e1,pantherophis-obsoletus
35b6982636,agkistrodon-contortrix
1ac3b66cc3,storeria-dekayi
36534fcac5,pantherophis-obsoletus
10b1acb0b6,pantherophis-obsoletus
54dcbb96e0,nerodia-rhombifer
731da2fb12,lampropeltis-californiae
dce52386f5,storeria-dekayi
18b89918ca,thamnophis-sirtalis
839899700a,lampropeltis-triangulum
84614e40b8,thamnophis-sirtalis
a7723f7ef4,pantherophis-guttatus
1d8ea15457,pantherophis-guttatus
a487c28099,crotalus-atrox
7240b699f4,diadophis-punctatus
8a759fc288,storeria-dekayi
13b138dcc4,crotalus-horridus
f7be9664a7,nerodia-sipedon
641a4f65bc,opheodrys-aestivus
bd4f7d349e,pantherophis-obsoletus
000e2d0a91,pantherophis-obsoletus
ce502ba8a0,crotalus-atrox
97d93358ab,pantherophis-obsoletus
46f9560c99,pantherophis-guttatus
5888a3e522,agkistrodon-contortrix
84d4a08b93,opheodrys-aestivus
8293286f7c,pantherophis-obsoletus
4c01b5b8ba,storeria-dekayi
13854590ea,crotalus-atrox
1a019b53b3,pantherophis-obsoletus
7f2637a665,pituophis-catenifer
46d28d1bf2,storeria-dekayi
ba4c35ebf2,pantherophis-obsoletus
c4476648be,storeria-dekayi
0e8f2965b4,crotalus-viridis
e4bcba036b,nerodia-sipedon
dc6f3721ba,pantherophis-obsoletus
e9b8444822,lampropeltis-californiae
02eda2c865,pantherophis-guttatus
32edd9e217,storeria-dekayi
0a23c6dbed,pantherophis-obsoletus
0138d2cb1a,pantherophis-obsoletus
a265b17556,thamnophis-sirtalis
5360e19610,lampropeltis-triangulum
6929c425fd,pantherophis-obsoletus
d1006244a6,agkistrodon-piscivorus
561e39734f,pantherophis-guttatus
8f31a0a689,nerodia-sipedon
7012d40d2f,opheodrys-aestivus
7a35c857bc,diadophis-punctatus
f77e1aa99f,thamnophis-proximus
75252599b9,lampropeltis-californiae
4af6d73d49,storeria-dekayi
cd7d579dab,pantherophis-obsoletus
7b0ad73599,agkistrodon-piscivorus
34b33a11fa,storeria-dekayi
3170f538d1,storeria-dekayi
8586ab31a9,storeria-dekayi
08acf2e47d,nerodia-erythrogaster
b1286d3868,storeria-dekayi
2d0f08fa36,crotalus-atrox
a0b9ba917f,nerodia-erythrogaster
f40abd0edf,agkistrodon-piscivorus
3bd72284b8,storeria-occipitomaculata
8b5cd0f884,crotalus-horridus
f8e59232c8,pantherophis-obsoletus
572c5c3520,storeria-dekayi
957c00b573,crotalus-atrox
93e591cb23,pantherophis-spiloides
68a603b39d,crotalus-atrox
4f472510f3,rhinocheilus-lecontei
d6884444ae,crotalus-horridus
c0fa7df5de,pantherophis-obsoletus
